Rk,Name,Age,Tm,IP,G,GS,Wgs,Lgs,ND,Wchp,Ltuf,Wtm,Ltm,tmW-L%,Wlst,Lsv,CG,SHO,QS,QS%,GmScA,Best,Wrst,BQR,BQS,sDR,lDR,RS/GS,RS/IP,IP/GS,Pit/GS,<80,80-99,100-119,≥120,Max,Name-additional
1,Andrew Abbott*,24,CIN,109.1,21,21,8,6,7,3,1,14,7,0.667,1,2,0,0,9,43%,53.1,84,25,10,0,0,10,4.3,4.1,5.2,90,4,10,7,0,113,abbotan01
2,Joan Adon,24,WSN,51.2,12,10,2,4,4,0,0,5,5,0.5,0,2,0,0,2,20%,42.6,69,27,7,3,0,10,4.5,3.5,4.7,84,2,8,0,0,94,adonjo01
3,Keegan Akin*,28,BAL,23.2,24,1,0,0,1,0,0,0,1,0,0,1,0,0,0,0%,46,46,46,12,8,1,0,8,0,1,25,1,0,0,0,25,akinke01
4,Sandy Alcantara,27,MIA,184.2,28,28,7,12,9,0,2,11,17,0.393,4,2,3,1,13,46%,53.1,85,9,18,5,0,17,3.9,3.8,6.6,97,1,16,11,0,116,alcansa01
5,Scott Alexander*,33,SFG,48.1,55,8,0,3,5,0,0,3,5,0.375,0,0,0,0,0,0%,47.1,56,32,20,12,7,0,2.9,1.1,0.8,14,8,0,0,0,19,alexasc02
6,Tyler Alexander*,28,DET,44,25,1,0,1,0,0,0,0,1,0,0,0,0,0,0,0%,56,56,56,4,3,0,1,0,0,3,45,1,0,0,0,45,alexaty01
7,Kolby Allard*,25,ATL,12.1,4,3,0,1,2,0,0,1,2,0.333,1,0,0,0,0,0%,46.3,65,25,4,0,0,3,3,4.9,3.8,60,3,0,0,0,73,allarko01
8,Logan Allen*,24,CLE,125.1,24,24,7,8,9,2,2,14,10,0.583,2,3,0,0,7,29%,51.5,79,26,8,0,0,18,4.8,4.3,5.2,89,4,17,3,0,104,allenlo02
9,Chase Anderson,35,TOT,86.1,19,17,1,6,10,1,1,8,9,0.471,4,3,0,0,4,24%,,75,1,13,9,0,12,4.4,3.6,4.8,81,5,11,1,0,101,anderch01
10,Chase Anderson,35,COL,81.1,17,17,1,6,10,1,1,8,9,0.471,4,3,0,0,4,24%,45.2,75,1,13,9,0,12,4.4,3.6,4.8,81,5,11,1,0,101,anderch01
11,Tyler Anderson*,33,LAA,141,27,25,6,5,14,3,1,12,13,0.48,4,6,0,0,7,28%,46,69,20,15,10,0,24,5.3,4.9,5.3,91,2,17,6,0,109,anderty01
12,Tejay Antone,29,CIN,5.2,5,1,0,0,1,0,0,1,0,1,0,0,0,0,0,0%,59,59,59,1,0,1,0,6.8,9,2,26,1,0,0,0,26,antonte01
13,Shawn Armstrong,32,TBR,52,39,6,0,0,6,0,0,5,1,0.833,0,0,0,0,0,0%,54.7,58,51,6,1,5,1,4.1,0.8,2,31,6,0,0,0,44,armstsh01
14,Graham Ashcraft,25,CIN,145.2,26,26,7,9,10,1,2,11,15,0.423,2,3,0,0,15,58%,49.1,73,2,17,7,0,12,4.5,4.3,5.6,89,4,17,5,0,110,ashcrgr01
15,Javier Assad,25,CHC,109.1,32,10,3,1,6,1,0,6,4,0.6,2,2,0,0,4,40%,54.5,74,34,13,4,0,5,6,5.2,5.4,85,2,8,0,0,98,assadja01
16,Pedro Avila,26,SDP,50.1,14,6,1,2,3,0,0,4,2,0.667,0,1,0,0,1,17%,45.5,68,17,6,4,0,3,5.7,3.8,4.3,82,3,3,0,0,91,avilape01
17,Tanner Banks*,31,CHW,61,32,3,0,2,1,0,0,1,2,0.333,0,1,0,0,0,0%,43.3,50,38,4,1,1,1,3.5,1,3.4,64,3,0,0,0,66,banksta01
18,Matt Barnes,33,MIA,21.1,24,1,0,0,1,0,0,0,1,0,0,0,0,0,0,0%,51,51,51,9,5,1,0,2,9,1,24,1,0,0,0,24,barnema01
19,Jaime Barria,26,LAA,82.1,34,6,1,2,3,1,0,4,2,0.667,1,2,0,0,0,0%,48.2,69,23,2,0,1,3,6.1,4.2,4.6,78,3,3,0,0,93,barrija01
20,Chris Bassitt,34,TOR,200,33,33,16,8,9,0,2,20,13,0.606,2,5,1,1,21,64%,55.2,89,4,12,1,0,18,4.7,4.6,6.1,95,4,16,13,0,113,bassich01
21,Peyton Battenfield,25,CLE,34.2,7,6,0,5,1,0,2,0,6,0,0,0,0,0,2,33%,49.2,72,26,4,0,0,4,1,1.1,5.4,84,2,4,0,0,97,battepe01
22,Tristan Beck,27,SFG,85,33,3,0,1,2,0,0,2,1,0.667,0,0,0,0,0,0%,39.3,53,16,7,2,1,1,4.7,3,4,63,3,0,0,0,70,becktr01
23,Jalen Beeks*,29,TBR,42.1,30,8,0,1,7,0,0,3,5,0.375,0,1,0,0,0,0%,51.5,56,42,11,7,4,2,3.7,2.2,2,32,8,0,0,0,41,beeksja02
24,Brayan Bello,24,BOS,157,28,28,12,11,5,4,4,17,11,0.607,2,2,0,0,15,54%,50.5,73,9,10,2,0,21,5.6,5,5.6,93,2,17,9,0,107,bellobr01
25,Brennan Bernardino*,31,BOS,50.2,55,6,0,0,6,0,0,3,3,0.5,0,0,0,0,0,0%,52.8,56,48,23,6,6,0,4.3,4,1.5,25,6,0,0,0,31,bernabr01
26,José Berríos,29,TOR,189.2,32,32,11,12,9,3,3,17,15,0.531,2,1,0,0,15,47%,54.6,80,24,18,4,0,19,4.2,3.5,5.9,92,4,21,7,0,106,berrijo01
27,Tanner Bibee,24,CLE,142,25,25,10,4,11,4,1,14,11,0.56,4,5,0,0,11,44%,56.6,80,23,7,1,0,18,4.2,4,5.7,93,2,19,4,0,105,bibeeta01
28,Osvaldo Bido,27,PIT,50.2,16,9,0,2,7,0,1,2,7,0.222,0,3,0,0,1,11%,46.1,55,35,10,4,0,5,4.1,4.4,3.9,71,5,4,0,0,96,bidoos01
29,Shane Bieber,28,CLE,128,21,21,6,6,9,0,1,9,12,0.429,5,2,1,0,12,57%,53.3,79,20,8,0,0,12,3.8,3.7,6.1,93,0,16,5,0,108,biebesh01
30,Brandon Bielak,27,HOU,80,15,13,5,6,2,3,0,6,7,0.462,0,2,0,0,2,15%,48.1,73,31,18,4,0,10,3.7,3.6,5.4,92,0,11,2,0,106,bielabr01
31,Jake Bird,27,COL,89.1,70,3,0,0,3,0,0,2,1,0.667,0,1,0,0,0,0%,48,54,37,18,11,3,0,5.9,3.6,1.7,28,3,0,0,0,31,birdja01
32,Ty Blach*,32,COL,78,20,13,3,3,7,3,0,4,9,0.308,2,3,0,0,2,15%,44.7,73,16,8,1,0,7,4.8,4.3,5,79,2,11,0,0,93,blachty01
33,Paul Blackburn,29,OAK,103.2,21,20,4,7,9,2,1,10,10,0.5,3,2,0,0,6,30%,49.3,72,28,7,0,0,14,4.2,4,5.1,92,2,13,5,0,106,blackpa01
34,Ronel Blanco,29,HOU,52,17,7,2,1,4,2,1,3,4,0.429,1,1,0,0,3,43%,50.6,61,38,2,0,0,7,4.4,5.4,5.4,92,1,6,0,0,99,blancro01
35,Ryan Borucki*,29,PIT,40.1,38,2,0,0,2,0,0,1,1,0.5,0,0,0,0,0,0%,58.5,59,58,12,4,2,0,1.5,0,1.8,20,2,0,0,0,21,borucry01
36,Jonathan Bowlan,26,KCR,3,2,1,0,1,0,0,0,0,1,0,0,0,0,0,0,0%,48,48,48,0,0,0,1,0,0,2,29,1,0,0,0,29,bowlajo01
37,Matthew Boyd*,32,DET,71,15,15,5,5,5,3,0,9,6,0.6,1,3,0,0,2,13%,48.2,66,19,10,4,0,10,4.4,4.1,4.7,78,4,10,1,0,102,boydma01
38,Joe Boyle,23,OAK,16,3,3,2,0,1,0,0,2,1,0.667,0,1,0,0,2,67%,62.7,65,59,0,0,0,3,4.2,1.7,5.3,80,1,2,0,0,94,boylejo01
39,Cody Bradford*,25,TEX,56,20,8,1,3,4,1,0,1,7,0.125,0,3,0,0,0,0%,42.5,57,23,8,6,3,4,3.1,2.6,4.2,79,5,3,0,0,95,bradfco01
40,Kyle Bradish,26,BAL,168.2,30,30,12,7,11,1,3,19,11,0.633,4,3,0,0,18,60%,58.5,79,10,13,0,0,20,4.8,4.6,5.6,88,4,20,6,0,107,bradiky01
41,Taj Bradley,22,TBR,104.2,23,21,5,8,8,4,0,10,11,0.476,1,3,0,0,1,5%,48.5,70,19,12,7,0,14,4.9,4.8,4.9,85,3,18,0,0,95,bradlta01
42,John Brebbia,33,SFG,38.1,40,10,0,2,8,0,0,5,5,0.5,0,1,0,0,0,0%,51.5,57,47,10,4,7,1,4.5,4.9,1.2,20,10,0,0,0,26,brebbjo01
43,Beau Brieske,25,DET,35,25,1,0,0,1,0,0,1,0,1,0,0,0,0,0,0%,52,52,52,14,0,1,0,5,13.5,2,37,1,0,0,0,37,briesbe01
44,Jhony Brito,25,NYY,90.1,25,13,3,6,4,3,0,6,7,0.462,0,2,0,0,0,0%,43.9,68,11,17,6,0,8,3.7,3.5,4.1,71,7,6,0,0,92,britojh01
45,Connor Brogdon,28,PHI,29,27,1,0,0,1,0,0,0,1,0,0,0,0,0,0,0%,48,48,48,7,0,1,0,3,0,0.7,28,1,0,0,0,28,brogdco01
46,Hunter Brown,24,HOU,155.2,31,29,10,13,6,3,1,14,15,0.483,1,3,0,0,11,38%,49.2,79,21,24,9,0,23,4.6,4.3,5.3,92,2,26,1,0,102,brownhu01
47,Kris Bubic*,25,KCR,16,3,3,0,2,1,0,0,0,3,0,1,0,0,0,1,33%,51.3,77,29,0,0,0,2,1.7,1.7,5.3,88,1,1,1,0,100,bubickr01
48,Madison Bumgarner*,33,ARI,16.2,4,4,0,3,1,0,0,1,3,0.25,0,1,0,0,0,0%,29.8,43,15,3,0,0,3,3.3,3.4,4.2,88,0,3,1,0,103,bumgama01
49,Corbin Burnes,28,MIL,193.2,32,32,10,8,14,2,4,18,14,0.563,4,5,0,0,19,59%,58.1,87,24,8,1,0,26,4.7,5,6.1,96,1,20,11,0,110,burneco01
50,José Butto,25,NYM,42,9,7,1,3,3,1,1,3,4,0.429,2,0,0,0,3,43%,53.9,65,41,9,6,0,7,2.6,2.1,5.3,90,0,7,0,0,99,buttojo01
51,Edward Cabrera,25,MIA,99.2,22,20,6,6,8,4,1,10,10,0.5,1,2,0,0,3,15%,50.8,73,34,18,8,0,13,3.5,3.9,4.6,82,8,11,1,0,109,cabreed02
52,Griffin Canning,27,LAA,127,24,22,6,8,8,3,2,10,12,0.455,4,1,0,0,8,36%,53,75,31,15,7,0,22,5,5.6,5.5,93,3,11,7,1,120,cannigr01
53,Carlos Carrasco,36,NYM,90,20,20,3,8,9,0,0,7,13,0.35,2,3,0,0,3,15%,41,79,14,15,6,0,15,4.8,4.8,4.5,79,8,11,1,0,100,carraca01
54,Luis Castillo,30,SEA,197,33,33,14,9,10,2,2,19,14,0.576,1,6,0,0,18,55%,57.8,82,29,7,1,0,20,5,4.9,6,97,1,19,13,0,109,castilu02
55,Dylan Cease,27,CHW,177,33,33,7,9,17,6,3,16,17,0.485,6,4,0,0,12,36%,51,76,11,27,11,0,19,4.3,4,5.4,99,1,18,14,0,113,ceasedy01
56,Slade Cecconi,24,ARI,27,7,4,0,1,3,0,0,2,2,0.5,0,0,0,0,0,0%,45.5,64,22,5,1,0,3,4.9,3.5,4.4,73,3,1,0,0,84,ceccosl01
57,Luis Cessa,31,CIN,26,7,6,1,4,1,1,0,1,5,0.167,1,0,0,0,0,0%,31.3,51,-16,8,2,0,4,4.5,4.6,4.2,74,4,2,0,0,88,cessalu01
58,JT Chargois,32,MIA,42.1,46,5,0,0,5,0,0,3,2,0.6,0,0,0,0,0,0%,51.4,54,50,6,1,4,0,4.6,4.5,0.9,16,5,0,0,0,25,chargjt01
59,Jesse Chavez,39,ATL,34.2,36,1,0,0,1,0,0,0,1,0,0,0,0,0,0,0%,57,57,57,5,1,1,0,3,9,2.3,42,1,0,0,0,42,chaveje01
60,Yonny Chirinos,29,TOT,85,20,9,2,3,4,2,0,6,3,0.667,1,3,0,0,0,0%,37.7,59,19,21,8,0,6,7,7,4.8,80,5,4,0,0,96,chiriyo01
61,Yonny Chirinos,29,TBR,62.2,15,4,1,2,1,1,0,2,2,0.5,1,0,0,0,0,0%,40.3,59,19,14,3,0,3,4.5,5.9,5.3,82,2,2,0,0,96,chiriyo01
62,Yonny Chirinos,29,ATL,22.1,5,5,1,1,3,1,0,4,1,0.8,0,3,0,0,0,0%,35.6,47,29,7,5,0,3,9,7.9,4.5,79,3,2,0,0,95,chiriyo01
63,Aaron Civale,28,TOT,122.1,23,23,7,5,11,2,0,13,10,0.565,6,4,0,0,7,30%,54.6,82,28,12,5,0,16,4.7,4,5.3,87,3,17,3,0,103,civalaa01
64,Aaron Civale,28,CLE,77,13,13,5,2,6,1,0,7,6,0.538,3,2,0,0,6,46%,59,82,39,5,1,0,9,4,4,5.9,91,1,9,3,0,103,civalaa01
65,Aaron Civale,28,TBR,45.1,10,10,2,3,5,1,0,6,4,0.6,3,2,0,0,1,10%,48.9,66,28,7,4,0,7,5.6,3.9,4.5,83,2,8,0,0,98,civalaa01
66,Taylor Clarke,30,KCR,59,58,2,0,0,2,0,0,0,2,0,0,0,0,0,0,0%,55.5,57,54,13,5,2,0,1.5,0,1.5,17,2,0,0,0,22,clarkta01
67,Mike Clevinger,32,CHW,131.1,24,24,9,9,6,3,1,12,12,0.5,2,2,2,0,10,42%,53.1,79,8,10,1,0,17,4.6,3.5,5.5,87,6,14,4,0,109,clevimi01
68,Alex Cobb,35,SFG,151.1,28,28,7,7,14,0,1,18,10,0.643,5,3,2,1,11,39%,51.3,88,21,16,4,0,15,4.3,3.8,5.4,89,8,14,5,1,131,cobbal01
69,Gerrit Cole,32,NYY,209,33,33,15,4,14,1,2,23,10,0.697,4,4,2,2,24,73%,61.6,92,27,13,6,0,19,4.8,4.2,6.3,99,0,16,17,0,110,colege01
70,Dylan Coleman,26,KCR,18.1,23,1,0,0,1,0,0,1,0,1,0,0,0,0,0,0%,50,50,50,8,3,1,0,13.5,0,1,22,1,0,0,0,22,colemdy01
71,Roansy Contreras,23,PIT,68.1,19,11,3,5,3,1,1,5,6,0.455,0,2,0,0,4,36%,44.2,71,10,9,4,0,6,3.8,2.3,4.9,83,2,9,0,0,99,contrro01
72,Patrick Corbin*,33,WSN,180,32,32,10,15,7,3,4,15,17,0.469,3,3,0,0,15,47%,45.3,76,17,18,11,0,20,4.7,4.2,5.6,91,2,27,3,0,108,corbipa01
73,Jimmy Cordero,31,NYY,32.2,31,1,0,0,1,0,0,1,0,1,0,0,0,0,0,0%,56,56,56,13,4,1,0,7,13.5,2,28,1,0,0,0,28,cordeji01
74,Nestor Cortes*,28,NYY,63.1,12,12,5,2,5,3,0,8,4,0.667,3,1,0,0,3,25%,50.4,66,26,8,7,0,7,5.9,4.8,5.3,89,2,8,2,0,101,cortene01
75,Dylan Covey,31,TOT,43,29,1,0,1,0,0,0,0,1,0,0,0,0,0,0,0%,,16,16,10,3,0,0,4,0,0.7,30,1,0,0,0,30,coveydy01
76,Dylan Covey,31,PHI,39,28,1,0,1,0,0,0,0,1,0,0,0,0,0,0,0%,16,16,16,7,3,0,0,4,0,0.7,30,1,0,0,0,30,coveydy01
77,Austin Cox*,26,KCR,35.2,24,3,0,1,2,0,0,0,3,0,0,1,0,0,0,0%,43.7,56,35,13,7,0,2,1.7,1.8,3.4,59,2,1,0,0,81,coxau01
78,Kutter Crawford,27,BOS,129.1,31,23,6,7,10,4,0,9,14,0.391,2,4,0,0,4,17%,51.4,77,20,17,6,2,15,4.8,4.3,4.7,77,11,12,0,0,96,crawfku01
79,Fernando Cruz,33,CIN,66,58,2,0,1,1,0,0,1,1,0.5,0,1,0,0,0,0%,54,54,54,15,6,2,0,3.6,0,1.5,26,2,0,0,0,29,cruzfe01
80,Steven Cruz,24,KCR,12.2,10,4,0,0,4,0,0,3,1,0.75,0,1,0,0,0,0%,50.5,56,43,6,0,2,1,5.7,7.2,1.4,27,4,0,0,0,39,cruzst01
81,Jose Cuas,29,TOT,65.1,72,2,0,0,2,0,0,1,1,0.5,0,1,0,0,0,0%,46.5,51,42,14,1,2,0,4,0,1,20,2,0,0,0,27,cuasjo01
82,Jose Cuas,29,KCR,41.2,45,1,0,0,1,0,0,1,0,1,0,1,0,0,0,0%,42,42,42,5,0,1,0,6,0,1.3,27,1,0,0,0,27,cuasjo01
83,Jose Cuas,29,CHC,23.2,27,1,0,0,1,0,0,0,1,0,0,0,0,0,0,0%,51,51,51,9,1,1,0,2,0,0.7,13,1,0,0,0,13,cuasjo01
84,Johnny Cueto,37,MIA,52.1,13,10,1,4,5,1,0,4,6,0.4,1,1,0,0,1,10%,45.3,71,30,6,3,0,8,4.4,4.5,4.6,77,5,4,1,0,100,cuetojo01
85,Xzavion Curry,24,CLE,95,41,9,0,3,6,0,0,2,7,0.222,1,3,0,0,1,11%,46.8,62,21,6,0,2,3,4.4,3.3,3.8,58,8,1,0,0,81,curryxz01
86,Yu Darvish,36,SDP,136.1,24,24,8,10,6,2,1,9,15,0.375,3,1,0,0,10,42%,51.5,81,18,14,6,0,15,4.1,3.8,5.7,93,2,13,9,0,115,darviyu01
87,Tucker Davidson*,27,TOT,51.1,38,1,0,0,1,0,0,0,1,0,0,0,0,0,0,0%,,52,52,14,8,1,0,4,0,1,14,1,0,0,0,14,davidtu01
88,Tucker Davidson*,27,KCR,19.2,20,1,0,0,1,0,0,0,1,0,0,0,0,0,0,0%,52,52,52,3,0,1,0,4,0,1,14,1,0,0,0,14,davidtu01
89,Zach Davies,30,ARI,82.1,18,18,2,5,11,0,0,10,8,0.556,2,5,0,0,3,17%,41.4,74,7,13,9,0,10,6.1,5.2,4.6,83,7,11,0,0,97,davieza02
90,Noah Davis,26,COL,30,8,6,0,4,2,0,0,0,6,0,0,0,0,0,0,0%,40.2,63,14,4,0,0,3,2.5,2.2,4.2,84,1,5,0,0,95,davisno01
91,José De León,30,MIN,17.1,12,1,0,0,1,0,0,1,0,1,0,0,0,0,0,0%,58,58,58,5,2,1,0,2.3,0,2,24,1,0,0,0,24,deleojo03
92,Jacob deGrom,35,TEX,30.1,6,6,2,0,4,0,0,6,0,1,1,1,0,0,3,50%,61.3,71,36,3,1,0,5,6.8,5.6,5.1,75,3,3,0,0,98,degroja01
93,Matt Dermody*,32,BOS,4,1,1,0,1,0,0,0,0,1,0,0,0,0,0,0,0%,42,42,42,0,0,0,1,3,0,4,76,1,0,0,0,76,dermoma01
94,Anthony DeSclafani,33,SFG,99.2,19,18,4,8,6,0,2,9,9,0.5,3,5,0,0,8,44%,49.7,79,26,8,5,0,11,4.6,2.9,5.3,82,8,8,2,0,109,desclan01
95,Reid Detmers*,23,LAA,148.2,28,28,4,10,14,1,1,12,16,0.429,3,4,0,0,9,32%,51.1,80,12,19,7,0,27,4.7,3.7,5.3,93,2,20,6,0,108,detmere01
96,Jhonathan Diaz*,26,LAA,7,4,1,0,0,1,0,0,1,0,1,0,0,0,0,0,0%,50,50,50,3,0,0,1,3.1,0,1.7,30,1,0,0,0,30,diazjh01
97,Miguel Díaz,28,DET,14,12,3,0,0,3,0,0,1,2,0.333,0,0,0,0,0,0%,51,54,48,5,1,3,0,2.7,2.3,1,22,3,0,0,0,27,diazmi02
98,Dylan Dodd*,25,ATL,34.1,7,7,2,2,3,1,0,4,3,0.571,1,0,0,0,1,14%,35.1,54,17,2,2,0,6,5.7,6.5,4.9,81,3,4,0,0,89,dodddy01
99,Shawn Dubin,27,HOU,9,3,1,0,0,1,0,0,1,0,1,0,1,0,0,0,0%,53,53,53,0,0,1,0,5,0,4,68,1,0,0,0,68,dubinsh01
100,Dane Dunning,28,TEX,172.2,35,26,10,7,9,2,0,13,13,0.5,4,3,0,0,12,46%,53.3,79,24,22,10,1,15,4.4,5,5.7,88,6,16,4,0,106,dunnida01
101,Zach Eflin,29,TBR,177.2,31,31,16,8,7,6,3,23,8,0.742,1,2,0,0,17,55%,56.8,81,19,6,1,0,17,5.7,5.8,5.7,83,10,17,4,0,103,eflinza01
102,Bryce Elder,24,ATL,174.2,31,31,12,4,15,4,0,21,10,0.677,5,6,0,0,16,52%,52,77,16,20,7,0,18,5.9,5,5.6,92,5,22,4,0,105,elderbr01
103,Mason Englert,23,DET,56,31,1,0,0,1,0,0,1,0,1,0,1,0,0,0,0%,48,48,48,15,5,1,0,5.8,0,2.7,45,1,0,0,0,45,englema01
104,Nathan Eovaldi,33,TEX,144,25,25,12,5,8,4,1,15,10,0.6,4,2,2,1,11,44%,55.7,89,25,16,7,1,13,5.9,5.1,5.8,89,3,16,6,0,113,eovalna01
105,Joey Estes,21,OAK,10,2,2,0,1,1,0,0,0,2,0,1,0,0,0,0,0%,39.5,48,31,3,3,0,2,3.5,4.5,5,83,1,1,0,0,90,estesjo01
106,Alex Faedo,27,DET,64.2,15,12,2,5,5,0,1,3,9,0.25,1,3,0,0,4,33%,50.1,70,21,4,1,1,9,4.2,3.3,4.9,80,5,7,0,0,95,faedoal01
107,Bailey Falter*,26,TOT,80.2,18,14,1,8,5,0,2,5,9,0.357,0,3,0,0,3,21%,42.1,63,6,11,3,1,8,3.8,2.5,4.5,76,7,7,0,0,98,falteba01
108,Bailey Falter*,26,PHI,40.1,8,7,0,6,1,0,2,1,6,0.143,0,1,0,0,2,29%,44.6,59,31,7,1,0,4,2.3,1.7,5.1,85,3,4,0,0,98,falteba01
109,Bailey Falter*,26,PIT,40.1,10,7,1,2,4,0,0,4,3,0.571,0,2,0,0,1,14%,39.6,63,6,4,2,1,4,5.2,3.5,3.9,67,4,3,0,0,88,falteba01
110,Calvin Faucher,27,TBR,25.2,17,4,0,1,3,0,0,2,2,0.5,0,2,0,0,0,0%,45,51,37,7,0,2,1,5.7,3.7,2,43,4,0,0,0,46,fauchca01
111,Ryan Feltner,26,COL,43.1,10,10,2,4,4,1,0,5,5,0.5,1,1,0,0,1,10%,44.8,66,26,13,5,0,7,4.6,4.3,4.3,78,4,6,0,0,92,feltnry01
112,Caleb Ferguson*,26,LAD,60.1,68,7,0,2,5,0,0,4,3,0.571,0,1,0,0,0,0%,47.1,52,33,20,2,7,0,3.9,0,1,18,7,0,0,0,22,ferguca01
113,Jack Flaherty,27,TOT,144.1,29,27,8,9,10,2,0,16,11,0.593,3,1,0,0,8,30%,47.4,79,1,30,10,0,19,5.9,5.4,5.2,95,2,15,10,0,111,flaheja01
114,Jack Flaherty,27,STL,109.2,20,20,7,6,7,2,0,13,7,0.65,3,0,0,0,7,35%,49.3,79,1,23,8,0,12,6.1,5.6,5.5,98,1,9,10,0,111,flaheja01
115,Jack Flaherty,27,BAL,34.2,9,7,1,3,3,0,0,3,4,0.429,0,1,0,0,1,14%,42.1,66,22,7,2,0,7,5.1,4.7,4.5,86,1,6,0,0,98,flaheja01
116,Josh Fleming*,27,TBR,51.2,12,3,0,0,3,0,0,2,1,0.667,1,1,0,0,0,0%,31.3,61,13,3,1,0,2,9.3,9,4.7,75,2,1,0,0,86,flemijo01
117,Chris Flexen,28,TOT,102.1,29,16,2,8,6,1,0,4,12,0.25,4,3,0,0,2,13%,40,57,4,8,5,0,10,6.2,6.6,4.9,85,5,10,1,0,106,flexech01
118,Chris Flexen,28,SEA,42,17,4,0,4,0,0,0,0,4,0,0,0,0,0,0,0%,32.3,57,4,0,0,0,3,4.5,6,4.3,82,2,2,0,0,91,flexech01
119,Chris Flexen,28,COL,60.1,12,12,2,4,6,1,0,4,8,0.333,4,3,0,0,2,17%,42.6,57,26,8,5,0,7,6.8,6.8,5,86,3,8,1,0,106,flexech01
120,J.P. France,28,HOU,136.1,24,23,10,6,7,1,3,13,10,0.565,1,3,0,0,13,57%,50.8,69,-4,16,5,0,20,5.6,4.5,5.8,93,1,18,4,0,105,francjp01
121,Kyle Freeland*,30,COL,155.2,29,29,6,14,9,2,4,11,18,0.379,3,4,0,0,12,41%,45.2,71,10,9,4,0,15,3.9,3.3,5.4,83,8,19,2,0,100,freelky01
122,Max Fried*,29,ATL,77.2,14,14,8,1,5,2,0,11,3,0.786,2,1,1,1,7,50%,57.5,79,37,7,3,0,10,6.3,6.9,5.5,89,4,5,5,0,107,friedma01
123,Shintaro Fujinami,29,TOT,79,64,7,0,6,1,0,1,1,6,0.143,0,0,0,0,1,14%,,55,10,34,17,3,4,1.6,1.8,2.5,51,6,1,0,0,92,fujinsh01
124,Shintaro Fujinami,29,OAK,49.1,34,7,0,6,1,0,1,1,6,0.143,0,0,0,0,1,14%,35,55,10,22,11,3,4,1.6,1.8,2.5,51,6,1,0,0,92,fujinsh01
125,Carson Fulmer,29,LAA,10,3,1,1,0,0,1,0,1,0,1,0,0,0,0,0,0%,63,63,63,0,0,0,1,7.9,5.4,5,75,1,0,0,0,75,fulmeca01
126,Michael Fulmer,30,CHC,57,58,1,0,0,1,0,0,1,0,1,0,1,0,0,0,0%,47,47,47,15,4,1,0,9,0,2,29,1,0,0,0,29,fulmemi01
127,Hunter Gaddis,25,CLE,42,11,7,1,1,5,0,0,5,2,0.714,1,1,0,0,2,29%,47.3,72,12,5,3,0,6,4.7,4,4.5,74,5,2,0,0,90,gaddihu01
128,Zac Gallen,27,ARI,210,34,34,17,9,8,2,1,19,15,0.559,4,2,1,1,20,59%,56.7,89,17,15,6,0,16,4.8,4.8,6.2,96,1,25,8,0,110,galleza01
129,Luis Garcia,26,HOU,27,6,6,2,2,2,0,0,3,3,0.5,0,0,0,0,2,33%,53,81,35,3,1,0,5,5.4,3.9,4.5,77,1,5,0,0,97,garcilu05
130,Braxton Garrett*,25,MIA,159.2,31,30,9,7,14,5,2,21,9,0.7,3,4,0,0,10,33%,53.7,78,-8,16,5,0,21,4.4,3.1,5.2,81,11,19,0,0,95,garrebr01
131,Justin Garza,29,BOS,18.1,17,1,0,1,0,0,0,0,1,0,0,0,0,0,0,0%,35,35,35,8,2,1,0,0,0,1,32,1,0,0,0,32,garzaju01
132,Kevin Gausman,32,TOR,185,31,31,12,9,10,2,4,16,15,0.516,3,3,0,0,20,65%,58.2,83,11,19,5,0,19,3.4,3.2,6,99,1,12,18,0,115,gausmke01
133,Domingo Germán,30,NYY,108.2,20,19,5,7,7,2,0,9,10,0.474,2,2,1,1,6,32%,52.8,96,10,16,9,0,12,4.5,4.3,5.5,83,5,13,1,0,106,germado01
134,Kyle Gibson,35,BAL,192,33,33,15,9,9,3,3,20,13,0.606,1,3,0,0,17,52%,49.6,73,10,21,6,0,20,5.3,6,5.8,92,2,28,3,0,104,gibsoky01
135,Logan Gilbert,26,SEA,190.2,32,32,13,7,12,2,2,18,14,0.563,3,7,1,1,18,56%,55.7,87,19,17,4,0,19,4.8,4,6,91,2,26,4,0,105,gilbelo01
136,Lucas Giolito,28,TOT,184.1,33,33,8,15,10,2,4,9,24,0.273,4,4,0,0,15,45%,51,84,8,12,1,0,17,4.2,4.3,5.6,97,3,13,17,0,110,giolilu01
137,Lucas Giolito,28,CHW,121,21,21,6,6,9,2,2,7,14,0.333,4,4,0,0,11,52%,54.9,78,13,5,1,0,10,4.1,3.9,5.8,97,1,10,10,0,108,giolilu01
138,Lucas Giolito,28,LAA,32.2,6,6,1,5,0,0,1,1,5,0.167,0,0,0,0,2,33%,43.5,59,8,4,0,0,4,3.9,3.7,5.4,96,1,1,4,0,110,giolilu01
139,Lucas Giolito,28,CLE,30.2,6,6,1,4,1,0,1,1,5,0.167,0,0,0,0,2,33%,44.8,84,9,3,0,0,3,5.3,6.1,5.1,96,1,2,3,0,106,giolilu01
140,Sawyer Gipson-Long,25,DET,20,4,4,1,0,3,1,0,3,1,0.75,2,1,0,0,0,0%,58,67,53,2,1,0,4,4.4,3.9,5,84,1,3,0,0,92,gipsosa01
141,Tyler Glasnow,29,TBR,120,21,21,10,7,4,3,1,12,9,0.571,1,2,0,0,9,43%,58,75,24,11,2,0,12,4.5,4.4,5.7,90,2,16,3,0,103,glasnty01
142,Austin Gomber*,29,COL,139,27,27,9,9,9,3,2,13,14,0.481,5,4,0,0,12,44%,44.6,64,0,22,11,0,16,5.2,4.7,5.1,80,11,16,0,0,94,gombeau01
143,Tony Gonsolin,29,LAD,103,20,20,8,5,7,5,1,11,9,0.55,1,2,0,0,4,20%,49.4,72,2,10,3,0,12,6.1,6.2,5.2,83,5,14,1,0,109,gonsoto01
144,Marco Gonzales*,31,SEA,50,10,10,4,1,5,2,0,7,3,0.7,3,2,0,0,4,40%,45.8,64,6,7,4,0,7,5.4,4.8,5,81,4,6,0,0,93,gonzama02
145,Victor González*,27,LAD,33.2,34,1,0,0,1,0,0,0,1,0,0,0,0,0,0,0%,51,51,51,12,6,0,1,4,9,0.7,14,1,0,0,0,14,gonzavi02
146,MacKenzie Gore*,24,WSN,136.1,27,27,7,10,10,5,2,10,17,0.37,2,3,0,0,8,30%,50.7,77,18,14,0,0,15,3.8,3.6,5,91,2,16,9,0,106,gorema01
147,Brusdar Graterol,24,LAD,67.1,68,1,0,0,1,0,0,1,0,1,0,0,0,0,0,0%,58,58,58,7,0,0,0,2,0,2,29,1,0,0,0,29,gratebr01
148,Jon Gray,31,TEX,157.1,29,29,9,8,12,3,4,17,12,0.586,1,5,1,0,12,41%,52.1,87,20,19,6,0,19,5.5,4.7,5.4,83,7,20,2,0,100,grayjo02
149,Josiah Gray,25,WSN,159,30,30,8,13,9,3,3,12,18,0.4,4,5,0,0,11,37%,51.1,72,30,12,4,0,18,3.9,4.6,5.3,94,1,21,8,0,106,grayjo03
150,Sonny Gray,33,MIN,184,32,32,8,8,16,2,4,14,18,0.438,6,5,0,0,17,53%,57.6,77,38,11,6,0,23,3.7,3.3,5.8,88,6,21,5,0,107,grayso01
151,Hunter Greene,23,CIN,112,22,22,4,7,11,1,1,9,13,0.409,2,4,0,0,7,32%,50.8,81,6,14,4,0,12,4.8,4.1,5.1,95,2,10,10,0,112,greenhu01
152,Zack Greinke,39,KCR,142.1,30,27,2,13,12,2,1,8,19,0.296,4,4,0,0,2,7%,47,69,18,14,8,0,16,3.4,2.7,4.9,75,15,12,0,0,91,greinza01
153,Michael Grove,26,LAD,69,18,12,1,3,8,1,0,6,6,0.5,1,2,0,0,0,0%,43.3,65,3,10,4,0,9,5.3,4.1,4.3,74,8,4,0,0,96,grovemi01
154,Javy Guerra,27,TOT,19.1,17,2,0,0,2,0,0,2,0,1,0,0,0,0,0,0%,,51,50,4,1,1,1,6.2,0,0.8,19,2,0,0,0,19,guerrja02
155,Javy Guerra,27,TBR,11,9,2,0,0,2,0,0,2,0,1,0,0,0,0,0,0%,50.5,51,50,2,0,1,1,6.2,0,0.8,19,2,0,0,0,19,guerrja02
156,Ian Hamilton,28,NYY,58,39,3,0,0,3,0,0,2,1,0.667,0,0,0,0,0,0%,47.3,53,44,16,5,3,0,5.7,9,1.3,23,3,0,0,0,29,hamilia01
157,Emerson Hancock,24,SEA,12,3,3,0,0,3,0,0,3,0,1,1,0,0,0,0,0%,47.7,59,30,0,0,0,2,7.7,9,4,65,2,1,0,0,87,hancoem01
158,Hogan Harris*,26,OAK,63,14,6,1,5,0,1,2,1,5,0.167,0,0,0,0,2,33%,38.8,63,8,6,3,0,2,2.8,3.6,5,87,3,2,1,0,105,harriho03
159,Kyle Harrison*,21,SFG,34.2,7,7,1,1,5,0,0,3,4,0.429,0,3,0,0,1,14%,51.7,76,34,3,0,0,5,4,2,5,84,2,5,0,0,94,harriky01
160,Thomas Hatch,28,TOT,28.2,18,2,0,0,2,0,0,2,0,1,0,1,0,0,0,0%,,55,40,5,1,2,0,9.5,3,2.7,39,2,0,0,0,45,hatchto01
161,Thomas Hatch,28,PIT,22.1,12,2,0,0,2,0,0,2,0,1,0,1,0,0,0,0%,47.5,55,40,3,1,2,0,9.5,3,2.7,39,2,0,0,0,45,hatchto01
162,Andrew Heaney*,32,TEX,147.1,34,28,9,6,13,5,2,16,12,0.571,2,2,0,0,7,25%,50.8,79,16,30,1,1,20,6.6,6,4.9,85,6,21,1,0,101,heanean01
163,Kyle Hendricks,33,CHC,137,24,24,6,8,10,2,4,12,12,0.5,3,2,0,0,12,50%,51,82,21,16,4,0,9,4.3,3.5,5.7,88,4,19,1,0,100,hendrky01
164,Tommy Henry*,25,ARI,89,17,16,5,4,7,3,1,10,6,0.625,0,1,0,0,6,38%,49.5,78,31,14,3,1,8,6.1,5.8,5.5,86,3,13,0,0,97,henryto01
165,Jimmy Herget,29,LAA,29,29,1,0,0,1,0,0,0,1,0,0,0,0,0,0,0%,55,55,55,2,0,1,0,3,0,1,12,1,0,0,0,12,hergeji01
166,Carlos Hernández,26,KCR,70,67,4,0,0,4,0,0,1,3,0.25,0,1,0,0,0,0%,52,59,34,12,4,4,0,3.8,6.4,1.8,28,4,0,0,0,33,hernaca04
167,Rich Hill*,43,TOT,146.1,32,27,7,14,6,2,1,10,17,0.37,1,3,0,0,7,26%,45.2,75,17,16,1,0,14,4.7,4.7,5,87,7,15,5,0,119,hillri01
168,Rich Hill*,43,PIT,119,22,22,7,10,5,2,1,10,12,0.455,1,3,0,0,7,32%,47.5,75,19,13,1,0,12,5.1,5,5.4,93,3,14,5,0,119,hillri01
169,Rich Hill*,43,SDP,27.1,10,5,0,4,1,0,0,0,5,0,0,0,0,0,0,0%,35.2,53,17,3,0,0,2,2.8,2.1,3.3,63,4,1,0,0,83,hillri01
170,Bryan Hoeing,26,MIA,70.2,33,7,0,2,5,0,0,5,2,0.714,2,0,0,0,0,0%,43.6,66,20,6,0,1,3,7.1,6.2,4.1,66,6,1,0,0,87,hoeinbr01
171,Tyler Holton*,27,DET,85.1,59,1,0,0,1,0,0,0,1,0,0,0,0,0,0,0%,53,53,53,14,3,1,0,2,0,1,13,1,0,0,0,13,holtoty01
172,Tanner Houck,27,BOS,106,21,21,6,10,5,3,1,9,12,0.429,0,2,0,0,5,24%,48.7,73,15,10,7,0,17,5.5,4.9,5,83,9,11,1,0,105,houckta01
173,Adrian Houser,30,MIL,111.1,23,21,8,5,8,4,0,14,7,0.667,1,6,0,0,6,29%,49.3,67,15,14,4,0,16,5,4.4,5.1,84,5,15,1,0,104,housead01
174,Dakota Hudson,28,STL,81.1,18,12,5,3,4,3,0,7,5,0.583,1,1,0,0,4,33%,45.3,65,18,14,7,1,7,5.1,5.6,5.4,86,3,7,2,0,105,hudsoda02
175,Cole Irvin*,29,BAL,77.1,24,12,1,4,7,1,0,8,4,0.667,2,2,0,0,1,8%,48.3,68,24,10,8,0,9,4.5,3.8,4.8,78,5,6,1,0,101,irvinco01
176,Jake Irvin,26,WSN,121,24,24,3,7,14,1,2,11,13,0.458,2,5,0,0,8,33%,48.5,67,22,22,4,0,16,4.4,4.1,5,89,4,17,3,0,111,irvinja01
177,Andre Jackson,27,TOT,61.1,19,7,1,3,3,1,0,3,4,0.429,0,0,0,0,0,0%,,66,30,8,4,0,4,3.6,2.3,3.9,66,5,2,0,0,86,jacksan01
178,Andre Jackson,27,PIT,43.2,12,7,1,3,3,1,0,3,4,0.429,0,0,0,0,0,0%,48.4,66,30,6,2,0,4,3.6,2.3,3.9,66,5,2,0,0,86,jacksan01
179,Joe Jacques*,28,BOS,26.2,23,1,0,1,0,0,0,0,1,0,0,0,0,0,0,0%,34,34,34,8,3,1,0,0,0,1.3,29,1,0,0,0,29,jacqujo01
180,Drey Jameson,25,ARI,40.2,15,3,0,1,2,0,0,2,1,0.667,0,0,0,0,0,0%,46.3,60,33,4,1,0,1,6.9,11,2.9,56,3,0,0,0,71,jamesdr01
181,Bryce Jarvis,25,ARI,23.2,11,1,0,1,0,0,0,0,1,0,0,0,0,0,0,0%,48,48,48,0,0,1,0,1,3,2.7,38,1,0,0,0,38,jarvibr01
182,Cristian Javier,26,HOU,162,31,31,10,5,16,4,1,21,10,0.677,3,11,0,0,11,35%,51.1,68,17,12,7,0,26,6.4,5.5,5.2,93,0,25,6,0,105,javiecr01
183,Dany Jiménez,29,OAK,23.1,25,1,0,0,1,0,0,1,0,1,0,0,0,0,0,0%,53,53,53,6,0,1,0,5.6,0,1,16,1,0,0,0,16,jimenda01
184,Jakob Junis,30,SFG,86,40,4,0,0,4,0,0,3,1,0.75,0,1,0,0,0,0%,59,64,48,13,1,1,0,5.1,4.8,3.2,50,4,0,0,0,62,junisja01
185,Janson Junk,27,MIL,7.1,2,1,0,1,0,0,0,0,1,0,0,0,0,0,0,0%,32,32,32,1,0,0,1,3,0,4.7,79,1,0,0,0,79,junkja01
186,James Kaprielian,29,OAK,61,14,11,2,6,3,0,1,3,8,0.273,2,0,0,0,3,27%,45.5,60,25,9,1,0,7,3.8,3.3,5.3,93,1,7,3,0,106,kaprija01
187,Karl Kauffmann,25,COL,35,11,3,0,3,0,0,0,0,3,0,0,0,0,0,0,0%,26,33,15,10,7,0,1,3,3.5,4.2,81,1,2,0,0,85,kauffka01
188,Brad Keller,27,KCR,45.1,11,9,3,4,2,2,0,4,5,0.444,0,1,0,0,1,11%,45.7,70,12,8,1,0,4,4.8,4.9,4.8,92,0,8,1,0,105,kellebr01
189,Mitch Keller,27,PIT,194.1,32,32,13,9,10,3,0,17,15,0.531,5,2,1,1,18,56%,53.6,86,15,5,3,0,20,4.1,3.8,6.1,97,0,19,13,0,108,kellemi03
190,Trevor Kelley,30,TBR,15.1,10,3,0,0,3,0,0,1,2,0.333,0,0,0,0,0,0%,53.7,57,52,3,0,2,1,5.5,6.4,2.1,33,3,0,0,0,35,kelletr01
191,Merrill Kelly,34,ARI,177.2,30,30,12,8,10,2,2,16,14,0.533,3,2,0,0,18,60%,56.8,87,13,19,5,0,11,4,3.6,5.9,93,1,23,6,0,108,kellyme01
192,Brett Kennedy,28,CIN,18,5,2,1,0,1,1,0,2,0,1,0,0,0,0,0,0%,52,62,42,2,2,0,2,4.7,5.7,5,81,1,1,0,0,86,kennebr02
193,Clayton Kershaw*,35,LAD,131.2,24,24,13,5,6,3,0,17,7,0.708,1,4,0,0,11,46%,59,82,34,8,0,0,20,5.3,5.3,5.5,84,8,13,3,0,105,kershcl01
194,Dallas Keuchel*,35,MIN,37.2,10,6,1,1,4,0,0,4,2,0.667,0,2,0,0,1,17%,43,74,17,9,1,0,4,4.7,4.7,4.2,70,5,1,0,0,85,keuchda01
195,Yusei Kikuchi*,32,TOR,167.2,32,32,11,6,15,5,1,21,11,0.656,3,7,0,0,9,28%,52.3,75,26,17,6,0,16,5.7,4.8,5.2,88,5,24,3,0,103,kikucyu01
196,Caleb Kilian,26,CHC,5.1,3,1,0,1,0,0,0,0,1,0,0,0,0,0,0,0%,14,14,14,2,1,0,1,6,4.5,3.3,88,0,1,0,0,88,kiliaca01
197,Michael King,28,NYY,104.2,49,9,1,4,4,1,1,3,6,0.333,0,1,0,0,2,22%,56.6,76,31,13,1,2,3,2.6,0.9,4.5,73,6,2,1,0,101,kingmi01
198,George Kirby,25,SEA,190.2,31,31,13,10,8,0,4,17,14,0.548,1,3,1,0,20,65%,56.6,88,21,8,0,0,19,4.5,3.3,6.2,91,3,23,5,0,103,kirbyge01
199,Corey Kluber,37,BOS,55,15,9,2,6,1,1,0,3,6,0.333,0,1,0,0,1,11%,43.2,61,28,9,6,0,8,4.4,4.3,4.6,86,3,3,3,0,105,klubeco01
200,Reiss Knehr,26,SDP,5.2,4,1,0,1,0,0,0,0,1,0,0,0,0,0,0,0%,23,23,23,0,0,0,1,4,9,2,55,1,0,0,0,55,knehrre01
201,Matt Koch,32,COL,38.2,39,1,0,0,1,0,0,0,1,0,0,0,0,0,0,0%,53,53,53,11,3,1,0,6,0,1,13,1,0,0,0,13,kochma01
202,Michael Kopech,27,CHW,129.1,30,27,5,12,10,3,1,9,18,0.333,2,2,0,0,5,19%,48.6,90,11,18,2,0,16,3.6,4.4,4.7,87,5,15,7,0,104,kopecmi01
203,Dean Kremer,27,BAL,172.2,32,32,13,5,14,4,2,24,8,0.75,4,3,0,0,14,44%,51.1,72,20,26,8,0,21,5.9,4.8,5.4,91,1,28,3,0,105,kremede01
204,Chad Kuhl,30,WSN,38.1,16,5,0,2,3,0,0,1,4,0.2,2,0,0,0,0,0%,35.2,52,15,9,2,0,4,5.4,8.2,4.4,92,0,4,1,0,100,kuhlch01
205,Jimmy Lambert,28,CHW,37.2,35,1,0,0,1,0,0,0,1,0,0,0,0,0,0,0%,50,50,50,7,0,0,1,0,0,1,20,1,0,0,0,20,lambeji01
206,Peter Lambert,26,COL,87.1,25,11,2,6,3,1,1,2,9,0.182,2,0,0,0,3,27%,49.5,69,27,11,7,1,7,3.8,5.3,5.1,82,4,7,0,0,99,lambepe01
207,Dinelson Lamet,30,TOT,27.2,17,4,0,3,1,0,0,1,3,0.25,0,1,0,0,0,0%,,47,20,7,4,0,2,2.5,0.6,3.8,84,1,3,0,0,91,lametdi01
208,Dinelson Lamet,30,COL,25.2,16,4,0,3,1,0,0,1,3,0.25,0,1,0,0,0,0%,33.3,47,20,7,4,0,2,2.5,0.6,3.8,84,1,3,0,0,91,lametdi01
209,Eric Lauer*,28,MIL,46.2,10,9,3,6,0,1,0,3,6,0.333,0,0,0,0,2,22%,39.9,66,10,5,0,0,8,4.6,6.7,4.6,84,2,7,0,0,94,lauerer01
210,Derek Law,32,CIN,55,54,3,0,1,2,0,0,2,1,0.667,0,0,0,0,0,0%,50.3,54,46,18,4,2,1,4.5,9,1.2,22,3,0,0,0,27,lawde01
211,Dylan Lee*,28,ATL,23.2,24,1,0,0,1,0,0,0,1,0,0,0,0,0,0,0%,60,60,60,7,1,1,0,2,0,2.7,31,1,0,0,0,31,leedy01
212,Matthew Liberatore*,23,STL,61.2,22,11,2,5,4,1,0,4,7,0.364,1,3,0,0,2,18%,42.6,85,23,12,2,1,9,4.4,3.7,4.5,78,4,6,1,0,101,liberma01
213,Zack Littell,27,TOT,90,28,14,3,5,6,2,3,6,8,0.429,1,1,0,0,4,29%,,71,31,9,5,1,6,4.7,4.1,5.1,72,7,7,0,0,99,litteza01
214,Zack Littell,27,TBR,87,26,14,3,5,6,2,3,6,8,0.429,1,1,0,0,4,29%,53.4,71,31,9,5,1,6,4.7,4.1,5.1,72,7,7,0,0,99,litteza01
215,Ben Lively,31,CIN,88.2,19,12,3,6,3,2,1,5,7,0.417,0,0,0,0,2,17%,46.8,65,-16,15,4,1,5,5.3,4.4,5.5,86,3,7,2,0,104,livelbe01
216,Nick Lodolo*,25,CIN,34.1,7,7,2,1,4,2,0,4,3,0.571,2,2,0,0,1,14%,43.7,81,11,6,0,0,5,4.6,4.5,4.9,92,2,2,3,0,109,lodolni01
217,Sam Long*,27,OAK,45,40,1,0,1,0,0,0,0,1,0,0,0,0,0,0,0%,36,36,36,12,7,0,0,3,0,1,31,1,0,0,0,31,longsa01
218,Jacob Lopez*,25,TBR,12.1,4,1,1,0,0,1,0,1,0,1,0,0,0,0,0,0%,32,32,32,2,0,0,1,12,16.5,5.3,88,0,1,0,0,88,lopezja04
219,Pablo López,27,MIN,194,32,32,11,8,13,3,4,19,13,0.594,3,6,1,1,20,63%,56.8,92,29,12,7,0,22,5.5,4.6,6.1,95,1,22,9,0,106,lopezpa01
220,Michael Lorenzen,31,TOT,153,29,25,9,9,7,2,2,12,13,0.48,2,3,1,1,11,44%,52.4,88,18,10,4,0,18,4.8,4.5,5.9,91,4,18,2,1,124,lorenmi01
221,Michael Lorenzen,31,DET,105.2,18,18,5,7,6,1,2,8,10,0.444,2,1,0,0,8,44%,54.7,75,26,7,4,0,12,4.2,4.2,5.9,89,3,14,1,0,100,lorenmi01
222,Michael Lorenzen,31,PHI,47.1,11,7,4,2,1,1,0,4,3,0.571,0,2,1,1,3,43%,46.4,88,18,3,0,0,6,6.3,5.4,6.1,96,1,4,1,1,124,lorenmi01
223,Joey Lucchesi*,30,NYM,46.2,9,9,4,0,5,1,0,5,4,0.556,1,3,0,0,3,33%,52.8,76,37,9,4,1,8,6.6,5.4,5.2,77,3,6,0,0,99,lucchjo01
224,Seth Lugo,33,SDP,146.1,26,26,8,7,11,0,2,12,14,0.462,4,4,0,0,17,65%,54.3,82,12,9,3,0,16,4.6,4.3,5.6,91,3,18,4,1,123,lugose01
225,Jesús Luzardo*,25,MIA,178.2,32,32,10,10,12,2,1,19,13,0.594,5,2,0,0,17,53%,55,81,15,24,10,0,20,4.7,3.8,5.6,93,1,26,5,0,115,luzarje01
226,Jordan Lyles,32,KCR,177.2,31,31,6,17,8,5,1,7,24,0.226,4,3,3,0,4,13%,45.4,73,20,16,12,0,20,4.9,4.8,5.7,91,3,22,6,0,114,lylesjo01
227,Daniel Lynch IV*,26,KCR,52.1,9,9,3,4,2,2,2,4,5,0.444,0,1,0,0,4,44%,49.4,75,36,1,0,0,7,3.7,3.3,5.8,90,3,4,2,0,108,lynchda02
228,Lance Lynn,36,TOT,183.2,32,32,13,11,8,5,1,17,15,0.531,2,3,0,0,13,41%,47.1,85,15,20,10,0,19,5.3,5.4,5.7,99,0,17,15,0,114,lynnla01
229,Lance Lynn,36,CHW,119.2,21,21,6,9,6,3,1,8,13,0.381,2,3,0,0,6,29%,45.2,85,15,14,7,0,11,4.7,5.4,5.7,101,0,8,13,0,114,lynnla01
230,Lance Lynn,36,LAD,64,11,11,7,2,2,2,0,9,2,0.818,0,0,0,0,7,64%,50.8,71,16,6,3,0,8,6.5,5.4,5.8,95,0,9,2,0,111,lynnla01
231,Kenta Maeda,35,MIN,104.1,21,20,6,7,7,3,1,10,10,0.5,3,1,0,0,6,30%,52.9,73,-3,7,2,0,13,5.5,5.2,5.1,82,4,15,1,0,105,maedake01
232,Tyler Mahle,28,MIN,25.2,5,5,1,2,2,1,0,2,3,0.4,1,0,0,0,1,20%,55.2,67,45,2,0,0,5,4.5,4.8,5.1,84,1,4,0,0,92,mahlety01
233,Sean Manaea*,31,SFG,117.2,37,10,3,3,4,2,0,3,7,0.3,1,3,0,0,3,30%,48,73,25,20,9,1,4,5.5,4.5,4.7,83,3,6,1,0,100,manaese01
234,Matt Manning,25,DET,78,15,15,5,4,6,3,0,8,7,0.533,2,2,0,0,4,27%,53,76,25,6,3,0,10,4.4,4,5.2,79,3,12,0,0,96,mannima02
235,Alek Manoah,25,TOR,87.1,19,19,3,9,7,0,0,8,11,0.421,1,2,0,0,4,21%,44.1,77,12,18,2,0,13,4.6,3.6,4.6,89,1,15,3,0,103,manoaal01
236,Joe Mantiply*,32,ARI,39,35,3,0,1,2,0,0,2,1,0.667,0,0,0,0,0,0%,49.7,53,46,10,6,3,0,4.4,0,1,10,3,0,0,0,13,mantijo01
237,Germán Márquez,28,COL,20,4,4,2,2,0,1,0,2,2,0.5,0,0,0,0,1,25%,50,59,40,2,0,0,3,4.4,3.9,5,75,2,2,0,0,95,marquge01
238,Alec Marsh,25,KCR,74.1,17,8,0,7,1,0,1,0,8,0,0,1,0,0,1,13%,41.4,64,19,14,5,1,5,3,2.2,4.4,85,3,4,1,0,101,marshal01
239,Adrián Martinez,26,OAK,55,22,1,0,1,0,0,0,0,1,0,0,0,0,0,0,0%,49,49,49,6,0,1,0,0,0,2.3,41,1,0,0,0,41,martiad01
240,Nick Martinez,32,SDP,110.1,63,9,2,1,6,1,0,5,4,0.556,0,1,0,0,2,22%,57.2,75,39,9,3,3,6,3.9,2.3,4.7,73,5,2,2,0,101,martini01
241,Steven Matz*,32,STL,105,25,17,4,6,7,1,0,8,9,0.471,3,1,0,0,4,24%,50.2,71,16,16,5,1,9,4.1,3.9,5.2,93,1,13,3,0,110,matzst01
242,Dustin May,25,LAD,48,9,9,4,1,4,2,0,6,3,0.667,1,0,0,0,4,44%,58.2,74,34,3,0,0,6,4.7,3.9,5.3,82,2,6,1,0,104,maydu01
243,Mike Mayers,31,KCR,26.1,6,2,0,0,2,0,0,2,0,1,0,1,0,0,0,0%,41,55,27,4,1,0,2,7.7,4.7,4.8,80,1,1,0,0,84,mayermi01
244,James McArthur,26,KCR,23.1,18,2,0,0,2,0,0,0,2,0,0,1,0,0,0,0%,47,57,37,0,0,2,0,3,0,1.5,20,2,0,0,0,23,mcartja01
245,Shane McClanahan*,26,TBR,115,21,21,11,2,8,2,0,15,6,0.714,1,2,0,0,12,57%,56.1,72,31,5,1,0,13,6,5.6,5.5,87,4,16,1,0,102,mcclash01
246,Easton McGee,25,SEA,6.2,1,1,0,0,1,0,0,0,1,0,0,0,0,0,1,100%,73,73,73,1,0,0,1,0,0,6.7,64,1,0,0,0,64,mcgeeea01
247,Scott McGough,33,ARI,70.1,63,1,0,0,1,0,0,1,0,1,0,0,0,0,0,0%,56,56,56,13,6,0,0,8,6,2.3,40,1,0,0,0,40,mcgousc01
248,Collin McHugh,36,ATL,58.2,41,1,0,0,1,0,0,0,1,0,0,1,0,0,0,0%,37,37,37,12,0,1,0,5,9,1.7,49,1,0,0,0,49,mchugco01
249,Triston McKenzie,25,CLE,16,4,4,0,3,1,0,0,1,3,0.25,0,0,0,0,0,0%,48.8,74,35,5,0,0,4,1.8,0.6,4,75,3,1,0,0,92,mckentr01
250,John Means*,30,BAL,23.2,4,4,1,2,1,0,1,2,2,0.5,1,0,0,0,2,50%,59.3,75,46,1,0,0,3,3,1.9,5.9,85,1,3,0,0,96,meansjo01
251,Luis Medina,24,OAK,109.2,23,17,2,9,6,2,1,4,13,0.235,0,3,0,0,3,18%,46.1,68,18,12,7,0,12,2.9,2.7,4.8,86,3,13,1,0,100,medinlu02
252,Trevor Megill,29,MIL,34.2,31,2,0,0,2,0,0,1,1,0.5,0,1,0,0,0,0%,46,52,40,4,0,2,0,3.5,0,1,20,2,0,0,0,31,megiltr01
253,Tylor Megill,27,NYM,126.1,25,25,9,8,8,5,0,11,14,0.44,2,4,0,0,6,24%,46.3,71,11,17,5,0,18,4.3,4.2,5.1,89,4,18,3,0,103,megilty01
254,Miles Mikolas,34,STL,201.1,35,35,9,13,13,0,3,15,20,0.429,5,3,0,0,14,40%,48.2,85,24,17,9,1,16,4.1,3.5,5.8,91,2,26,7,0,109,mikolmi01
255,Wade Miley*,36,MIL,120.1,23,23,9,4,10,3,0,15,8,0.652,2,3,0,0,9,39%,54,77,28,8,3,0,21,4.2,3.6,5.2,81,6,17,0,0,95,mileywa01
256,Bobby Miller,24,LAD,124.1,22,22,11,4,7,5,1,15,7,0.682,1,4,0,0,9,41%,54.8,75,18,16,5,0,18,6,4.6,5.7,89,3,16,3,0,104,millebo06
257,Bryce Miller,24,SEA,131.1,25,25,8,7,10,2,1,13,12,0.52,2,3,0,0,9,36%,51.7,74,13,12,6,0,15,4.1,4.2,5.3,84,6,18,1,0,102,millebr04
258,Mason Miller,24,OAK,33.1,10,6,0,3,3,0,1,1,5,0.167,1,1,0,0,2,33%,54.2,79,40,3,1,0,3,2.2,1.9,4.1,74,2,3,1,0,100,millema03
259,Shelby Miller,32,LAD,42,36,1,0,0,1,0,0,1,0,1,0,0,0,0,0,0%,52,52,52,7,2,1,0,6,9,1,16,1,0,0,0,16,millesh01
260,Tommy Milone*,36,SEA,9,2,2,0,1,1,0,0,1,1,0.5,0,0,0,0,0,0%,50,55,45,3,0,0,2,2.6,5,4.5,82,0,2,0,0,82,milonto01
261,Carmen Mlodzinski,24,PIT,36,35,1,0,0,1,0,0,1,0,1,0,0,0,0,0,0%,51,51,51,6,4,0,0,4,9,1.3,29,1,0,0,0,29,mlodzca01
262,Sam Moll*,31,TOT,62.1,70,1,0,0,1,0,0,1,0,1,0,0,0,0,0,0%,,54,54,30,6,1,0,5,27,1,23,1,0,0,0,23,mollsa01
263,Sam Moll*,31,OAK,37.2,45,1,0,0,1,0,0,1,0,1,0,0,0,0,0,0%,54,54,54,19,6,1,0,5,27,1,23,1,0,0,0,23,mollsa01
264,Jordan Montgomery*,30,TOT,188.2,32,32,10,11,11,1,5,11,21,0.344,7,3,0,0,20,63%,54.9,79,16,20,6,0,18,4.2,4.5,5.9,91,4,24,4,0,107,montgjo01
265,Jordan Montgomery*,30,STL,121,21,21,6,9,6,1,4,7,14,0.333,3,2,0,0,12,57%,53.3,78,16,14,3,0,12,4.3,4.5,5.8,92,3,15,3,0,107,montgjo01
266,Jordan Montgomery*,30,TEX,67.2,11,11,4,2,5,0,1,4,7,0.364,4,1,0,0,8,73%,58,79,21,6,3,0,6,4.2,4.5,6.2,90,1,9,1,0,102,montgjo01
267,Adrián Morejón*,24,SDP,9,8,1,0,0,1,0,0,0,1,0,0,0,0,0,0,0%,54,54,54,6,1,0,0,3,0,3,42,1,0,0,0,42,morejad01
268,Charlie Morton,39,ATL,163.1,30,30,14,12,4,5,3,17,13,0.567,3,1,0,0,12,40%,53.3,83,28,22,3,0,20,5.5,5.9,5.4,95,1,17,12,0,109,mortoch02
269,Kyle Muller*,25,OAK,77,21,13,1,5,7,1,0,5,8,0.385,1,4,0,0,0,0%,35.8,57,13,12,5,0,11,4.7,3.9,4.6,87,3,10,0,0,98,mulleky01
270,Joe Musgrove,30,SDP,97.1,17,17,10,3,4,1,1,11,6,0.647,2,1,0,0,11,65%,56.5,77,22,5,2,0,10,6.2,6.2,5.7,91,1,12,4,0,109,musgrjo01
271,Zach Neal,34,OAK,27,14,2,1,0,1,1,0,1,1,0.5,0,0,0,0,0,0%,48.5,53,44,4,4,0,0,8,10.8,5,85,0,2,0,0,87,nealza01
272,Kyle Nelson*,26,ARI,56,68,2,0,1,1,0,0,1,1,0.5,0,0,0,0,0,0%,47,57,37,29,9,2,0,2,0,0.8,15,2,0,0,0,18,nelsoky01
273,Ryne Nelson,25,ARI,144,29,27,7,8,12,3,0,12,15,0.444,5,3,0,0,7,26%,44.8,73,14,14,0,0,12,4.6,5,5.1,84,6,21,0,0,98,nelsory01
274,Sean Newcomb*,30,OAK,15,7,2,0,1,1,0,0,0,2,0,0,0,0,0,0,0%,47.5,63,32,0,0,0,1,2.5,1.3,3.5,71,2,0,0,0,79,newcose01
275,Aaron Nola,30,PHI,193.2,32,32,12,9,11,3,1,19,13,0.594,5,2,0,0,15,47%,53.1,83,22,21,10,0,20,5.5,5.3,6.1,96,1,19,12,0,108,nolaaa01
276,Bailey Ober,27,MIN,144.1,26,26,8,6,12,3,1,16,10,0.615,2,8,0,0,12,46%,55.8,81,21,3,1,0,18,4.2,3.1,5.6,90,4,20,2,0,104,oberba01
277,Shohei Ohtani,28,LAA,132,23,23,10,5,8,3,2,14,9,0.609,2,3,1,1,12,52%,60.2,90,34,4,2,1,22,4.4,4.2,5.7,91,3,12,8,0,111,ohtansh01
278,Steven Okert*,31,MIA,58.2,64,2,0,1,1,0,0,1,1,0.5,0,1,0,0,0,0%,35,39,31,20,6,2,0,4.5,0,0.5,15,2,0,0,0,18,okertst01
279,Adam Oller,28,OAK,19.2,9,1,0,0,1,0,0,0,1,0,0,1,0,0,0,0%,14,14,14,5,2,0,1,7,12,2.3,81,0,1,0,0,81,ollerad01
280,Reese Olson,23,DET,103.2,21,18,5,7,6,1,1,10,8,0.556,0,4,0,0,6,33%,52.4,73,24,11,5,0,13,4.7,3.5,5.1,88,4,11,3,0,104,olsonre01
281,Kaleb Ort,31,BOS,23,21,2,0,0,2,0,0,1,1,0.5,0,2,0,0,0,0%,48.5,49,48,0,0,1,1,4.2,0,2.2,28,2,0,0,0,32,ortka01
282,Luis Ortiz,24,PIT,86.2,18,15,4,5,6,1,0,7,8,0.467,1,5,0,0,3,20%,44.7,67,20,19,2,0,12,3.5,3.9,4.9,80,5,10,0,0,99,ortizlu03
283,Connor Overton,29,CIN,11,3,3,0,1,2,0,0,2,1,0.667,0,1,0,0,0,0%,30.3,35,26,3,2,0,2,5.5,4.3,3.7,67,2,1,0,0,80,overtco01
284,Johan Oviedo,25,PIT,177.2,32,32,9,14,9,1,4,13,19,0.406,4,0,1,1,14,44%,50.9,86,10,26,10,0,19,4.3,4.4,5.6,93,3,23,6,0,112,oviedjo01
285,Emilio Pagán,32,MIN,69.1,66,1,0,0,1,0,0,1,0,1,0,0,0,0,0,0%,53,53,53,6,2,1,0,14,0,1,15,1,0,0,0,15,paganem01
286,Wes Parsons,30,TOR,4,1,1,0,1,0,0,0,0,1,0,0,0,0,0,0,0%,6,6,6,0,0,0,1,8,6.8,4,89,0,1,0,0,89,parsowe01
287,Luis Patiño,23,TOT,21.2,9,1,0,1,0,0,0,0,1,0,0,0,0,0,0,0%,,40,40,2,0,0,1,0,0,2.3,54,1,0,0,0,54,patinlu01
288,Luis Patiño,23,CHW,17.2,7,1,0,1,0,0,0,0,1,0,0,0,0,0,0,0%,40,40,40,2,0,0,1,0,0,2.3,54,1,0,0,0,54,patinlu01
289,James Paxton*,34,BOS,96,19,19,7,5,7,1,0,8,11,0.421,2,4,0,0,8,42%,50.9,78,18,6,2,0,15,4.8,4.3,5.1,89,4,9,6,0,110,paxtoja01
290,Ryan Pepiot,25,LAD,42,8,3,2,1,0,1,0,2,1,0.667,0,0,0,0,1,33%,64,78,49,0,0,0,3,6.2,6.5,6,86,0,3,0,0,90,pepiory01
291,Freddy Peralta,27,MIL,165.2,30,30,12,10,8,2,2,17,13,0.567,6,1,0,0,16,53%,56.2,84,16,12,8,0,24,4.8,4.5,5.5,95,2,22,6,0,109,peralfr01
292,Eury Pérez,20,MIA,91.1,19,19,5,6,8,3,1,8,11,0.421,1,4,0,0,6,32%,55.6,78,13,6,2,0,14,3.3,2.4,4.8,81,6,13,0,0,93,perezeu02
293,Francisco Pérez*,25,OAK,16.2,17,1,0,1,0,0,0,0,1,0,0,0,0,0,0,0%,34,34,34,6,4,1,0,4,0,1,23,1,0,0,0,23,perezfr01
294,Martín Pérez*,32,TEX,141.2,35,20,8,4,8,4,1,13,7,0.65,4,3,0,0,8,40%,45.8,73,11,19,4,0,14,6.9,6.6,5.4,88,4,14,2,0,104,perezma02
295,David Peterson*,27,NYM,111,27,21,2,8,11,1,1,7,14,0.333,0,4,1,0,4,19%,47.5,73,28,13,3,0,16,4.5,3.5,4.9,88,5,13,3,0,113,peterda01
296,Brandon Pfaadt,24,ARI,96,19,18,3,9,6,3,2,8,10,0.444,0,4,0,0,3,17%,46.2,77,19,12,1,0,10,3.4,2.7,5,85,3,14,1,0,107,pfaadbr01
297,Connor Phillips,22,CIN,20.2,5,5,1,1,3,0,0,3,2,0.6,1,1,0,0,1,20%,46.6,69,35,8,5,0,3,7.5,7.1,4.1,76,1,4,0,0,99,phillco01
298,Nick Pivetta,30,BOS,142.2,38,16,5,6,5,3,1,7,9,0.438,0,1,0,0,5,31%,52.4,82,17,15,5,2,11,3.6,4.1,5.4,92,0,13,3,0,104,pivetni01
299,Michael Plassmeyer*,26,PHI,3.2,1,1,0,1,0,0,0,0,1,0,0,0,0,0,0,0%,11,11,11,1,0,0,1,4,9,3.7,85,0,1,0,0,85,plassmi01
300,Zach Plesac,28,CLE,21.1,5,5,1,1,3,1,0,3,2,0.6,0,3,0,0,1,20%,36.6,64,15,4,1,0,5,6.2,3.8,4.3,74,3,2,0,0,91,plesaza01
301,Quinn Priester,22,PIT,50,10,8,2,3,3,2,0,3,5,0.375,0,1,0,0,1,13%,37.8,59,26,8,4,0,4,4.4,5.8,5,89,1,6,1,0,102,priesqu01
302,Austin Pruitt,33,OAK,48.1,38,6,0,2,4,0,0,2,4,0.333,0,1,0,0,0,0%,46.5,60,31,11,4,6,0,4.8,3.6,1.6,28,6,0,0,0,35,pruitau01
303,Cal Quantrill,28,CLE,99.2,19,19,4,7,8,1,0,9,10,0.474,3,5,0,0,8,42%,45.3,76,16,9,1,0,13,3.4,2.7,5.2,90,2,14,3,0,107,quantca01
304,José Quintana*,34,NYM,75.2,13,13,3,6,4,0,3,4,9,0.308,1,1,0,0,8,62%,52.4,68,32,9,5,0,11,4,3.6,5.8,95,1,9,3,0,104,quintjo01
305,Cole Ragans*,25,TOT,96,29,12,5,2,5,0,0,6,6,0.5,4,0,0,0,7,58%,,79,42,13,10,0,9,4.9,5.7,6,98,0,7,5,0,108,raganco01
306,Cole Ragans*,25,KCR,71.2,12,12,5,2,5,0,0,6,6,0.5,4,0,0,0,7,58%,61.1,79,42,6,5,0,9,4.9,5.7,6,98,0,7,5,0,108,raganco01
307,Erasmo Ramírez,33,TOT,60.1,38,2,0,0,2,0,0,2,0,1,0,1,0,0,0,0%,,51,32,11,4,2,0,9,11.6,3.2,53,2,0,0,0,58,ramirer02
308,Erasmo Ramírez,33,TBR,33.1,15,2,0,0,2,0,0,2,0,1,0,1,0,0,0,0%,41.5,51,32,2,1,2,0,9,11.6,3.2,53,2,0,0,0,58,ramirer02
309,Drew Rasmussen,27,TBR,44.2,8,8,4,2,2,1,0,4,4,0.5,1,1,0,0,3,38%,58.5,83,27,6,3,0,4,6,6,5.6,84,3,5,0,0,97,rasmudr01
310,Robbie Ray*,31,SEA,3.1,1,1,0,1,0,0,0,0,1,0,0,0,0,0,0,0%,34,34,34,1,0,0,1,4,9,3.3,91,0,1,0,0,91,rayro02
311,Colin Rea,32,MIL,124.2,26,22,5,5,12,3,1,14,8,0.636,4,4,0,0,4,18%,50.5,69,21,11,2,2,15,4.9,5.3,5.2,83,6,16,0,0,93,reaco01
312,Denyi Reyes,26,NYM,19.2,9,3,0,2,1,0,0,1,2,0.333,1,0,0,0,0,0%,36,57,23,7,3,0,3,5.7,3.4,3.7,75,2,0,1,0,109,reyesde02
313,Trevor Richards,30,TOR,72.2,56,3,0,1,2,0,0,1,2,0.333,0,0,0,0,0,0%,55.3,63,42,31,8,1,1,4.2,7.2,3,53,3,0,0,0,65,richatr01
314,Lyon Richardson,23,CIN,16.2,4,4,0,2,2,0,0,2,2,0.5,0,0,0,0,0,0%,37.3,51,21,4,3,0,3,4.3,4.5,4.2,83,2,2,0,0,95,richaly01
315,Nick Robertson,24,TOT,22.1,18,1,0,0,1,0,0,0,1,0,0,0,0,0,0,0%,,53,53,0,0,1,0,5,0,1,15,1,0,0,0,15,roberni01
316,Nick Robertson,24,BOS,12,9,1,0,0,1,0,0,0,1,0,0,0,0,0,0,0%,53,53,53,0,0,1,0,5,0,1,15,1,0,0,0,15,roberni01
317,Carlos Rodón*,30,NYY,64.1,14,14,3,8,3,3,2,3,11,0.214,0,1,0,0,3,21%,44.4,60,4,10,5,0,7,3.1,3,4.6,81,5,8,1,0,103,rodonca01
318,Eduardo Rodriguez*,30,DET,152.2,26,26,13,9,4,2,0,14,12,0.538,3,1,0,0,14,54%,56,86,29,16,3,0,20,3.6,3.7,5.9,94,2,18,6,0,105,rodried05
319,Grayson Rodriguez,23,BAL,122,23,23,7,4,12,3,0,14,9,0.609,3,2,0,0,7,30%,51.1,79,10,15,9,0,16,5.2,5.6,5.3,91,2,20,1,0,101,rodrigr01
320,Yerry Rodríguez,25,TEX,13.2,13,1,0,1,0,0,0,0,1,0,0,0,0,0,0,0%,46,46,46,3,2,1,0,3,0,2,44,1,0,0,0,44,rodriye01
321,Trevor Rogers*,25,MIA,18,4,4,1,2,1,0,0,1,3,0.25,0,1,0,0,1,25%,51.3,64,43,4,1,0,3,2.4,2.8,4.5,83,1,3,0,0,96,rogertr01
322,Drew Rom*,23,STL,33.2,8,8,1,4,3,1,0,3,5,0.375,0,0,0,0,0,0%,36,68,13,10,4,0,6,4.7,5.9,4.2,84,2,6,0,0,96,romdr01
323,Kenny Rosenberg*,27,LAA,33,7,3,2,1,0,2,1,2,1,0.667,0,0,0,0,1,33%,54,60,48,3,1,0,3,2.1,2.8,5.3,88,0,3,0,0,91,rosenke01
324,Drew Rucinski,34,OAK,18,4,4,0,4,0,0,0,0,4,0,0,0,0,0,0,0%,29,31,24,6,0,0,3,4.3,3.9,4.5,88,1,3,0,0,95,rucindr01
325,José Ruiz,28,TOT,44.1,38,1,0,0,1,0,0,0,1,0,0,1,0,0,0,0%,,34,34,7,3,1,0,3,0,1.7,28,1,0,0,0,28,ruizjo01
326,José Ruiz,28,ARI,40.2,34,1,0,0,1,0,0,0,1,0,0,1,0,0,0,0%,34,34,34,5,1,1,0,3,0,1.7,28,1,0,0,0,28,ruizjo01
327,Jackson Rutledge,24,WSN,20,4,4,1,1,2,1,0,3,1,0.75,0,1,0,0,1,25%,41.5,59,14,0,0,0,3,6.1,4.1,5,87,1,3,0,0,92,rutleja01
328,Joe Ryan,27,MIN,161.2,29,29,11,10,8,3,2,16,13,0.552,3,6,1,1,14,48%,53.4,90,19,10,3,0,20,5.4,4.7,5.6,93,1,20,8,0,112,ryanjo04
329,Hyun Jin Ryu*,36,TOR,52,11,11,3,3,5,3,1,6,5,0.545,1,2,0,0,1,9%,50,63,28,7,1,0,9,6.2,4.9,4.7,75,5,6,0,0,89,ryuhy01
330,Chris Sale*,34,BOS,102.2,20,20,6,5,9,3,0,12,8,0.6,3,4,0,0,6,30%,53.6,80,21,7,3,0,17,5.7,4.2,5.1,84,7,10,3,0,111,salech01
331,Cristopher Sánchez*,26,PHI,99.1,19,18,3,5,10,0,1,8,10,0.444,2,5,0,0,7,39%,54.7,72,37,5,3,0,13,4.7,3.5,5.5,81,9,8,1,0,107,sanchcr01
332,Patrick Sandoval*,26,LAA,144.2,28,28,7,13,8,3,2,8,20,0.286,2,1,0,0,8,29%,48.4,74,25,27,11,0,25,3.9,4.5,5.2,94,3,16,9,0,107,sandopa02
333,Max Scherzer,38,TOT,152.2,27,27,13,6,8,4,0,17,10,0.63,3,2,0,0,14,52%,56.3,85,21,6,1,0,19,4.9,4.6,5.7,91,5,11,11,0,107,scherma01
334,Max Scherzer,38,NYM,107.2,19,19,9,4,6,3,0,12,7,0.632,2,2,0,0,9,47%,54.7,78,22,5,1,0,13,4.8,4.5,5.7,92,3,8,8,0,107,scherma01
335,Max Scherzer,38,TEX,45,8,8,4,2,2,1,0,5,3,0.625,1,0,0,0,5,63%,60.1,85,21,1,0,0,6,5.3,4.6,5.6,89,2,3,3,0,105,scherma01
336,Clarke Schmidt,27,NYY,159,33,32,9,9,14,6,2,15,17,0.469,3,7,0,0,5,16%,48.3,69,8,26,6,0,18,4.4,4.3,4.9,84,10,22,0,0,99,schmicl01
337,Jesse Scholtens,29,CHW,85,26,11,0,6,5,0,2,1,10,0.091,0,2,0,0,3,27%,42.1,67,23,11,2,1,5,2.9,2.6,4.9,87,2,9,0,0,97,scholje01
338,John Schreiber,29,BOS,46.2,46,2,0,0,2,0,0,1,1,0.5,0,1,0,0,0,0%,48,52,44,5,2,1,1,5.8,0,1,21,2,0,0,0,24,schrejo01
339,Tayler Scott,31,TOT,17.2,18,2,0,0,2,0,0,1,1,0.5,0,1,0,0,0,0%,,53,47,13,6,1,0,2.6,0,1,13,2,0,0,0,14,scottta02
340,Tayler Scott,31,TOT,11.2,12,2,0,0,2,0,0,1,1,0.5,0,1,0,0,0,0%,50,53,47,7,1,1,0,2.6,0,1,13,2,0,0,0,14,scottta02
341,Tayler Scott,31,BOS,3.2,4,1,0,0,1,0,0,1,0,1,0,1,0,0,0,0%,47,47,47,3,0,0,0,4.5,0,1,14,1,0,0,0,14,scottta02
342,Tayler Scott,31,OAK,8,8,1,0,0,1,0,0,0,1,0,0,0,0,0,0,0%,53,53,53,4,1,1,0,1,0,1,12,1,0,0,0,12,scottta02
343,Connor Seabold,27,COL,87.1,27,13,1,7,5,1,0,4,9,0.308,2,1,0,0,2,15%,39.6,62,5,13,5,0,7,4.8,4.1,4.5,80,6,7,0,0,93,seaboco01
344,JP Sears*,27,OAK,172.1,32,32,5,14,13,3,1,9,23,0.281,4,4,0,0,9,28%,50.7,72,18,13,5,0,23,3.2,3.2,5.4,90,5,23,4,0,112,searsjp01
345,Colin Selby,25,PIT,24,21,5,0,0,5,0,0,4,1,0.8,0,2,0,0,0,0%,51.4,59,38,7,3,5,0,5.8,1.1,1.6,24,5,0,0,0,35,selbyco01
346,Kodai Senga,30,NYM,166.1,29,29,12,7,10,2,1,17,12,0.586,0,4,0,0,16,55%,58.3,84,34,7,2,0,26,4.7,4.4,5.7,96,2,13,14,0,107,sengako01
347,Antonio Senzatela,28,COL,7.2,2,2,0,1,1,0,0,1,1,0.5,0,1,0,0,0,0%,48.5,59,38,0,0,0,1,2,0,3.8,60,2,0,0,0,69,senzaan01
348,Luis Severino,29,NYY,89.1,19,18,4,7,7,1,0,8,10,0.444,2,1,0,0,5,28%,42,75,7,12,5,0,12,3.8,4.2,4.9,88,3,12,3,0,104,severlu01
349,Emmet Sheehan,23,LAD,60.1,13,11,4,1,6,2,0,7,4,0.636,2,2,0,0,3,27%,49.9,73,12,6,1,0,9,6.1,6.8,4.8,85,2,9,0,0,94,sheehem01
350,Jared Shuster*,24,ATL,52.2,11,11,4,3,4,3,0,5,6,0.455,1,1,0,0,1,9%,44,72,25,15,5,0,7,4.8,6.3,4.8,79,5,6,0,0,93,shustja01
351,Chase Silseth,23,LAA,52.1,16,8,3,1,4,3,0,6,2,0.75,0,2,0,0,1,13%,53.9,72,32,8,4,0,8,4.5,5.4,4.6,76,4,3,1,0,100,silsech01
352,Brady Singer,26,KCR,159.2,29,29,8,11,10,3,0,14,15,0.483,3,5,0,0,9,31%,46,80,18,15,6,0,19,4.9,4.6,5.5,90,6,18,5,0,108,singebr01
353,Tarik Skubal*,26,DET,80.1,15,15,7,3,5,3,1,8,7,0.533,0,1,0,0,5,33%,59.7,82,20,4,1,0,12,4.9,3.6,5.4,81,5,10,0,0,97,skubata01
354,Devin Smeltzer*,27,MIA,22.1,9,1,0,0,1,0,0,1,0,1,0,0,0,0,0,0%,54,54,54,0,0,1,0,6,4.5,4,65,1,0,0,0,65,smeltde01
355,AJ Smith-Shawver,20,ATL,25.1,6,5,1,0,4,1,0,4,1,0.8,1,0,0,0,0,0%,49.2,58,34,3,1,0,4,7.5,9.4,4.6,83,2,3,0,0,99,smithaj01
356,Drew Smyly*,34,CHC,142.1,41,23,7,10,6,4,1,10,13,0.435,3,4,0,0,5,22%,45.7,87,16,24,7,2,9,5.5,5.4,4.9,85,4,17,2,0,103,smylydr01
357,Blake Snell*,30,SDP,180,32,32,14,9,9,2,3,17,15,0.531,5,3,0,0,20,63%,61.4,83,31,7,3,0,21,4.3,4.1,5.6,99,0,14,18,0,113,snellbl01
358,Collin Snider,27,KCR,20.1,20,1,0,0,1,0,0,0,1,0,0,0,0,0,0,0%,54,54,54,6,2,1,0,4,0,2,20,1,0,0,0,20,snideco01
359,George Soriano,24,MIA,52,26,1,0,0,1,0,0,0,1,0,0,0,0,0,0,0%,42,42,42,6,2,0,1,8,11.3,3,59,1,0,0,0,59,soriage01
360,Michael Soroka,25,ATL,32.1,7,6,2,2,2,1,0,4,2,0.667,0,1,0,0,1,17%,44,55,25,4,0,0,4,7.8,8.1,4.9,85,1,5,0,0,99,sorokmi01
361,Carson Spiers,25,CIN,13,4,2,0,1,1,0,0,0,2,0,0,0,0,0,0,0%,38,45,31,1,1,0,2,5,8.2,3.5,82,1,1,0,0,87,spierca01
362,Jeffrey Springs*,30,TBR,16,3,3,2,0,1,0,0,3,0,1,0,0,0,0,2,67%,72,83,58,0,0,0,2,9.4,6.2,5.3,69,1,2,0,0,89,sprinje01
363,Josh Staumont,29,KCR,20,21,1,0,0,1,0,0,1,0,1,0,0,0,0,0,0%,55,55,55,2,2,1,0,7,0,1,14,1,0,0,0,14,staumjo01
364,Justin Steele*,27,CHC,173.1,30,30,16,5,9,3,1,19,11,0.633,3,1,0,0,20,67%,55.8,88,23,11,5,0,15,6,5.3,5.8,89,4,19,7,0,111,steelju01
365,Gavin Stone,24,LAD,31,8,4,0,0,4,0,0,2,2,0.5,1,2,0,0,0,0%,22.3,28,11,5,2,0,4,9.2,9.6,3.8,70,4,0,0,0,79,stonega01
366,Levi Stoudt,25,CIN,10.1,4,2,0,1,1,0,0,0,2,0,0,1,0,0,0,0%,28,38,18,3,0,0,2,3,0,3.5,78,1,1,0,0,84,stoudle01
367,Matt Strahm*,31,PHI,87.2,56,10,2,3,5,2,0,5,5,0.5,0,1,0,0,0,0%,53,69,36,13,6,4,2,4.6,4,3.3,52,9,1,0,0,82,strahma01
368,Spencer Strider,24,ATL,186.2,32,32,20,5,7,5,2,26,6,0.813,3,4,0,0,18,56%,58.7,91,20,13,5,0,24,6.5,5.6,5.8,97,2,16,14,0,110,stridsp01
369,Ross Stripling,33,SFG,89,22,11,0,4,7,0,2,3,8,0.273,0,2,0,0,2,18%,47.8,65,34,9,3,1,5,3.2,2.5,4.5,70,8,3,0,0,95,stripro01
370,Marcus Stroman,32,CHC,136.2,27,25,10,9,6,0,2,13,12,0.52,0,3,1,1,15,60%,52.1,92,16,12,5,0,10,4.3,4.1,5.3,86,5,18,2,0,105,stromma01
371,José Suarez*,25,LAA,33.2,11,7,1,2,4,1,0,2,5,0.286,0,2,0,0,0,0%,35.9,66,18,9,5,0,7,5.3,5,3.7,72,5,2,0,0,80,suarejo01
372,Ranger Suárez*,27,PHI,125,22,22,4,6,12,1,2,13,9,0.591,5,5,0,0,11,50%,51,74,24,15,4,0,14,4.5,4.2,5.7,92,3,14,5,0,106,suarera01
373,Brent Suter*,33,COL,69.1,57,2,0,0,2,0,0,2,0,1,0,1,0,0,0,0%,48.5,54,43,15,9,1,1,5.9,0,1.5,23,2,0,0,0,36,suterbr01
374,Noah Syndergaard,30,TOT,88.2,18,18,2,6,10,2,2,7,11,0.389,1,5,0,0,4,22%,43.1,66,18,9,2,0,11,5.2,4.8,4.9,78,8,10,0,0,97,syndeno01
375,Noah Syndergaard,30,LAD,55.1,12,12,1,4,7,1,2,4,8,0.333,0,3,0,0,3,25%,41.6,66,18,2,0,0,8,5.2,5.5,4.6,74,7,5,0,0,96,syndeno01
376,Noah Syndergaard,30,CLE,33.1,6,6,1,2,3,1,0,3,3,0.5,1,2,0,0,1,17%,46,58,26,7,2,0,3,5.2,3.7,5.6,87,1,5,0,0,97,syndeno01
377,Jameson Taillon,31,CHC,154.1,30,29,8,10,11,3,2,11,18,0.379,2,4,0,0,9,31%,48.3,82,11,22,10,0,13,4.7,4.1,5.2,86,7,18,4,0,109,taillja01
378,Freddy Tarnok,24,OAK,14.2,5,1,0,0,1,0,0,0,1,0,0,1,0,0,0,0%,43,43,43,5,1,0,1,3,0,2.7,49,1,0,0,0,49,tarnofr01
379,Josh Taylor*,30,KCR,17.2,17,1,0,1,0,0,0,0,1,0,0,0,0,0,0,0%,50,50,50,6,1,0,1,1,0,1,25,1,0,0,0,25,taylojo02
380,Julio Teheran,32,MIL,71.2,14,11,2,5,4,0,1,3,8,0.273,2,2,0,0,5,45%,50.1,67,13,2,1,0,7,2.8,2,5.7,85,2,9,0,0,98,teherju01
381,Zack Thompson*,25,STL,66.1,25,9,3,4,2,2,0,4,5,0.444,0,1,0,0,1,11%,50,61,41,12,6,1,5,3.5,4.1,5,87,1,8,0,0,98,thompza02
382,Trent Thornton,29,TOT,31.1,27,1,0,0,1,0,0,0,1,0,0,0,0,0,0,0%,,54,54,5,3,0,1,5,18,2,36,1,0,0,0,36,thorntr01
383,Trent Thornton,29,SEA,26,23,1,0,0,1,0,0,0,1,0,0,0,0,0,0,0%,54,54,54,3,2,0,1,5,18,2,36,1,0,0,0,36,thorntr01
384,Touki Toussaint,27,TOT,87,20,16,4,7,5,3,0,7,9,0.438,1,1,0,0,2,13%,47.8,64,8,11,2,2,9,3.9,3.9,4.6,88,2,12,2,0,107,toussto01
385,Touki Toussaint,27,CLE,3.2,1,1,0,1,0,0,0,0,1,0,0,0,0,0,0,0%,44,44,44,3,0,0,1,1,2.3,3.7,82,0,1,0,0,82,toussto01
386,Touki Toussaint,27,CHW,83.1,19,15,4,6,5,3,0,7,8,0.467,1,1,0,0,2,13%,48.1,64,8,8,2,2,8,4.1,4,4.7,88,2,11,2,0,107,toussto01
387,Spencer Turnbull,30,DET,31,7,7,1,4,2,1,0,3,4,0.429,0,1,0,0,0,0%,40.3,56,13,3,3,0,5,3.2,3.5,4.4,79,3,4,0,0,92,turnbsp01
388,José Ureña,31,TOT,44.2,10,10,0,7,3,0,0,0,10,0,1,1,0,0,2,20%,41.7,64,22,10,3,0,5,2.9,2.8,4.5,77,8,2,0,0,99,urenajo01
389,José Ureña,31,COL,18.1,5,5,0,4,1,0,0,0,5,0,0,1,0,0,0,0%,32.8,50,22,7,0,0,3,3.8,4.5,3.7,73,5,0,0,0,77,urenajo01
390,José Ureña,31,CHW,26.1,5,5,0,3,2,0,0,0,5,0,1,0,0,0,2,40%,50.6,64,31,3,3,0,2,2.1,1.7,5.3,82,3,2,0,0,99,urenajo01
391,Julio Urías*,26,LAD,117.1,21,21,11,8,2,1,0,13,8,0.619,0,2,0,0,11,52%,52.2,80,19,5,0,0,12,5.7,4.8,5.6,88,4,14,3,0,104,uriasju01
392,José Urquidy,28,HOU,63,16,10,3,3,4,1,0,5,5,0.5,1,1,0,0,2,20%,46.7,67,21,12,4,0,7,4.1,4.3,4.7,82,3,6,1,0,100,urquijo01
393,Framber Valdez*,29,HOU,198,31,31,12,11,8,1,6,17,14,0.548,3,1,2,2,20,65%,57.3,93,20,6,3,0,24,4.6,4.6,6.4,95,0,24,7,0,114,valdefr01
394,Louie Varland,25,MIN,68,17,10,3,3,4,1,1,4,6,0.4,0,1,0,0,5,50%,48.2,73,23,9,4,0,7,5.1,5.1,5.6,92,0,9,1,0,100,varlalo01
395,Randy Vásquez,24,NYY,37.2,11,5,1,2,2,1,0,2,3,0.4,1,1,0,0,0,0%,54.8,67,48,12,0,0,3,2,1.2,4.5,73,3,2,0,0,86,vasqura02
396,Vince Velasquez,31,PIT,37.1,8,8,4,4,0,0,0,4,4,0.5,0,0,0,0,4,50%,52.4,81,23,2,0,0,4,4.6,5.1,4.7,81,3,4,1,0,100,velasvi01
397,Justin Verlander,40,TOT,162.1,27,27,13,8,6,4,2,15,12,0.556,2,2,0,0,14,52%,56.5,79,26,2,1,0,18,5.3,4.3,6,96,2,16,9,0,117,verlaju01
398,Justin Verlander,40,NYM,94.1,16,16,6,5,5,1,1,8,8,0.5,1,1,0,0,8,50%,56.4,78,26,1,0,0,12,4,3.4,5.9,98,2,6,8,0,117,verlaju01
399,Justin Verlander,40,HOU,68,11,11,7,3,1,3,1,7,4,0.636,1,1,0,0,6,55%,56.6,79,31,1,1,0,6,7.1,5.5,6.2,95,0,10,1,0,100,verlaju01
400,Alex Vesia*,27,LAD,49.2,56,1,0,0,1,0,0,1,0,1,0,0,0,0,0,0%,53,53,53,23,5,1,0,11.3,0,1,15,1,0,0,0,15,vesiaal01
401,Will Vest,28,DET,48.1,48,4,0,0,4,0,0,3,1,0.75,0,0,0,0,0,0%,51.3,55,48,19,8,4,0,6.7,2.3,0.9,13,4,0,0,0,16,vestwi01
402,Darius Vines,25,ATL,20.1,5,2,1,0,1,0,0,2,0,1,0,1,0,0,2,100%,58.5,60,57,0,0,0,1,6.4,6,6,86,0,2,0,0,90,vinesda01
403,Michael Wacha,31,SDP,134.1,24,24,14,4,6,5,0,16,8,0.667,3,1,0,0,12,50%,55.7,85,15,8,3,0,20,6,6.4,5.6,93,1,18,5,0,108,wachami01
404,Adam Wainwright,41,STL,101,21,21,5,11,5,3,2,7,14,0.333,3,2,0,0,4,19%,36.3,70,3,14,6,0,15,4.4,4,4.8,85,7,11,3,0,106,wainwad01
405,Ken Waldichuk*,25,OAK,141,35,22,2,5,15,1,0,9,13,0.409,5,5,0,0,4,18%,46.2,64,11,27,12,2,13,4.2,4.4,4.7,85,4,14,4,0,114,waldike01
406,Matt Waldron,26,SDP,41.1,8,6,1,3,2,1,0,3,3,0.5,0,1,0,0,1,17%,50,66,39,4,0,0,5,3.3,2.9,5.3,85,1,5,0,0,96,waldrma01
407,Ryan Walker,27,SFG,61.1,49,13,0,1,12,0,0,7,6,0.538,0,3,0,0,0,0%,51.6,59,44,21,4,11,1,4.3,4,1.6,29,13,0,0,0,45,walkery01
408,Taijuan Walker,30,PHI,172.2,31,31,15,6,10,6,0,21,10,0.677,2,8,0,0,11,35%,50.9,78,15,17,5,1,18,5,4.5,5.6,92,4,16,11,0,109,walketa01
409,Andrew Wantz,27,LAA,39.1,27,3,0,0,3,0,0,0,3,0,0,2,0,0,0,0%,51.3,55,48,4,3,3,0,2.7,0,2,33,3,0,0,0,41,wantzan01
410,Spenser Watkins,30,OAK,4.1,1,1,0,1,0,0,0,0,1,0,0,0,0,0,0,0%,31,31,31,2,0,0,1,2,0,4.3,90,0,1,0,0,90,watkisp01
411,Ryan Weathers*,23,TOT,57.2,15,12,1,7,4,1,1,4,8,0.333,1,1,0,0,2,17%,43,70,19,8,2,0,10,3.1,2.6,4.3,79,3,9,0,0,99,weathry01
412,Ryan Weathers*,23,SDP,44.2,12,10,1,6,3,1,1,4,6,0.4,1,1,0,0,1,10%,41.7,58,19,5,2,0,8,3.5,3.2,4.3,77,3,7,0,0,96,weathry01
413,Ryan Weathers*,23,MIA,13,3,2,0,1,1,0,0,0,2,0,0,0,0,0,1,50%,49.5,70,29,3,0,0,2,1,0,4.7,91,0,2,0,0,99,weathry01
414,Luke Weaver,29,TOT,123.2,29,25,3,6,16,3,1,14,11,0.56,0,8,0,0,2,8%,42.4,72,23,30,8,1,13,5.3,5,4.6,84,10,14,1,0,106,weavelu01
415,Luke Weaver,29,TOT,26.2,8,4,1,2,1,1,0,2,2,0.5,0,0,0,0,0,0%,48,63,35,5,1,1,3,3.6,5.6,4.3,75,4,0,0,0,78,weavelu01
416,Luke Weaver,29,CIN,97,21,21,2,4,15,2,1,12,9,0.571,0,8,0,0,2,10%,41.3,72,23,25,7,0,10,5.6,5,4.6,85,6,14,1,0,106,weavelu01
417,Luke Weaver,29,SEA,13.1,5,1,0,1,0,0,0,0,1,0,0,0,0,0,0,0%,35,35,35,3,1,1,0,1,0,3.7,70,1,0,0,0,70,weavelu01
418,Luke Weaver,29,NYY,13.1,3,3,1,1,1,1,0,2,1,0.667,0,0,0,0,0,0%,52.3,63,47,2,0,0,3,4.5,6.9,4.4,76,3,0,0,0,78,weavelu01
419,Logan Webb,26,SFG,216,33,33,11,13,9,0,7,15,18,0.455,3,2,2,1,24,73%,57.5,83,21,9,4,0,16,3.1,2.8,6.5,96,1,18,14,0,110,webblo01
420,Tyler Wells,28,BAL,118.2,25,20,7,6,7,3,2,11,9,0.55,2,3,0,0,8,40%,54.9,81,24,8,1,0,12,4.2,3.9,5.4,90,3,14,3,0,102,wellsty01
421,Joey Wentz*,25,DET,105.2,25,19,1,11,7,1,1,5,14,0.263,3,3,0,0,1,5%,38.4,68,8,23,6,0,13,3.4,2.9,4.2,80,8,9,2,0,107,wentzjo01
422,Hayden Wesneski,25,CHC,89.1,34,11,2,3,6,1,0,5,6,0.455,0,5,0,0,3,27%,46.6,70,14,16,7,0,6,5.4,3.2,4.5,73,7,4,0,0,94,wesneha01
423,Zack Wheeler,33,PHI,192,32,32,13,6,13,2,2,19,13,0.594,4,6,0,0,21,66%,56.8,87,19,9,4,0,21,5.5,5,6,99,1,15,16,0,111,wheelza01
424,Brendan White,24,DET,40.2,33,2,0,1,1,0,0,1,1,0.5,0,0,0,0,0,0%,46.5,52,41,8,1,2,0,2.8,0,1,28,2,0,0,0,30,whitebr01
425,Garrett Whitlock,27,BOS,71.2,22,10,4,3,3,1,0,6,4,0.6,0,3,0,0,3,30%,47.7,70,25,9,1,0,7,3.8,2.6,5.2,83,1,9,0,0,99,whitlga01
426,Jordan Wicks*,23,CHC,34.2,7,7,4,1,2,2,0,6,1,0.857,1,1,0,0,3,43%,49.9,67,19,3,0,0,5,6.6,7.2,5,83,1,6,0,0,97,wicksjo01
427,Gavin Williams,23,CLE,82,16,16,3,5,8,2,0,8,8,0.5,1,1,0,0,4,25%,54.5,86,26,5,1,0,11,4.2,3.7,5.1,87,1,15,0,0,97,williga01
428,Trevor Williams,31,WSN,144.1,30,30,6,10,14,4,2,14,16,0.467,2,9,0,0,5,17%,43.8,69,7,20,8,0,18,4.6,3.6,4.8,87,5,20,5,0,110,willitr01
429,Brandon Williamson*,25,CIN,117,23,23,5,5,13,2,1,13,10,0.565,2,4,0,0,7,30%,49.6,73,30,17,8,0,12,5,5.1,5.1,84,8,13,2,0,105,willibr02
430,Allan Winans,27,ATL,32.1,6,6,1,2,3,0,0,2,4,0.333,1,1,0,0,2,33%,47.8,76,20,5,2,0,5,7,7.3,5.4,89,1,4,1,0,111,winanal01
431,Josh Winckowski,25,BOS,84.1,60,1,0,0,1,0,0,1,0,1,0,0,0,0,0,0%,54,54,54,15,1,1,0,6,9,1,21,1,0,0,0,21,winckjo01
432,Keaton Winn,25,SFG,42.1,9,5,1,3,1,0,1,1,4,0.2,0,0,0,0,2,40%,48.4,60,37,2,2,0,3,2.9,4,5.1,73,4,1,0,0,80,winnke01
433,Jackson Wolf*,24,SDP,5,1,1,1,0,0,1,0,1,0,1,0,0,0,0,0,0%,43,43,43,0,0,0,1,14,18,5,75,1,0,0,0,75,wolfja01
434,Bryan Woo,23,SEA,87.2,18,18,4,5,9,3,0,10,8,0.556,1,3,0,0,4,22%,52.2,70,19,7,1,0,13,5.4,6.3,4.9,80,5,13,0,0,93,woobr01
435,Alex Wood*,32,SFG,97.2,29,12,2,4,6,2,0,7,5,0.583,0,0,0,0,0,0%,43.8,65,24,22,7,1,5,7,8.1,3.9,71,10,2,0,0,94,woodal02
436,Jake Woodford,26,STL,47.2,15,8,1,3,4,1,0,3,5,0.375,0,3,0,0,0,0%,39.6,56,14,8,1,1,4,4.5,3.7,4.2,82,2,6,0,0,95,woodfja01
437,Brandon Woodruff,30,MIL,67,11,11,5,1,5,1,0,7,4,0.636,0,4,1,1,7,64%,64.2,81,43,3,1,0,10,4.9,4.4,6.1,95,0,8,3,0,107,woodrbr01
438,Kyle Wright,27,ATL,31,9,7,0,3,4,0,0,3,4,0.429,1,1,0,0,0,0%,40.4,60,24,8,3,0,5,5.7,5.6,3.7,72,5,2,0,0,95,wrighky01
439,Ryan Yarbrough*,31,TOT,89.2,25,9,4,4,1,1,0,5,4,0.556,0,0,0,0,3,33%,47.5,64,5,12,5,0,5,4.2,4.9,5.1,79,6,3,0,0,99,yarbrry01
440,Ryan Yarbrough*,31,KCR,51,14,7,4,3,0,1,0,4,3,0.571,0,0,0,0,3,43%,53.4,64,33,10,5,0,4,3.7,4.3,5.4,80,4,3,0,0,99,yarbrry01
441,Ryan Yarbrough*,31,LAD,38.2,11,2,0,1,1,0,0,1,1,0.5,0,0,0,0,0,0%,27,49,5,2,0,0,1,6,7.9,4,75,2,0,0,0,78,yarbrry01
442,Rob Zastryzny*,31,PIT,20.2,21,1,0,0,1,0,0,0,1,0,0,1,0,0,0,0%,46,46,46,16,7,0,1,3.6,0,1,25,1,0,0,0,25,zastrro01
443,Angel Zerpa*,23,KCR,42.2,15,3,0,2,1,0,0,0,3,0,0,1,0,0,0,0%,44,52,32,1,0,1,1,3,2.3,4.2,77,1,2,0,0,84,zerpaan01